Div,Date,Time,HomeTeam,AwayTeam,FTHG,FTAG,FTR,HTHG,HTAG,HTR,Referee,HS,AS,HST,AST,HF,AF,HC,AC,HY,AY,HR,AR,B365H,B365D,B365A,BWH,BWD,BWA,IWH,IWD,IWA,PSH,PSD,PSA,WHH,WHD,WHA,VCH,VCD,VCA,MaxH,MaxD,MaxA,AvgH,AvgD,AvgA,B365>2.5,B365<2.5,P>2.5,P<2.5,Max>2.5,Max<2.5,Avg>2.5,Avg<2.5,AHh,B365AHH,B365AHA,PAHH,PAHA,MaxAHH,MaxAHA,AvgAHH,AvgAHA,B365CH,B365CD,B365CA,BWCH,BWCD,BWCA,IWCH,IWCD,IWCA,PSCH,PSCD,PSCA,WHCH,WHCD,WHCA,VCCH,VCCD,VCCA,MaxCH,MaxCD,MaxCA,AvgCH,AvgCD,AvgCA,B365C>2.5,B365C<2.5,PC>2.5,PC<2.5,MaxC>2.5,MaxC<2.5,AvgC>2.5,AvgC<2.5,AHCh,B365CAHH,B365CAHA,PCAHH,PCAHA,MaxCAHH,MaxCAHA,AvgCAHH,AvgCAHA
SC0,30/07/2022,12:00,Livingston,Rangers,1,2,A,1,0,H,D Robertson,5,21,2,6,17,15,0,8,3,4,0,0,8,5,1.36,7.75,4.5,1.37,7,4.6,1.43,8.19,4.73,1.43,8.5,4.4,1.38,8,4.6,1.4,9,5,1.43,7.89,4.59,1.39,1.8,2.05,1.93,1.96,1.94,2.05,1.84,1.94,1.25,1.93,1.93,1.9,2,1.94,2,1.89,1.92,8,5,1.33,8,5,1.33,7.5,4.8,1.4,9,5.44,1.36,9.5,4.6,1.33,9,5,1.33,9.5,5.44,1.41,8.7,4.93,1.34,1.83,2.02,1.86,2.03,1.91,2.06,1.82,1.96,1.25,2.05,1.8,2.08,1.83,2.11,1.87,2.03,1.8
SC0,30/07/2022,15:00,Hearts,Ross County,2,1,H,0,0,D,D Dickinson,15,12,4,3,6,15,4,2,1,2,0,0,1.55,4,6,1.55,4,5.5,1.57,4.1,5.75,1.59,4.23,6.08,1.55,3.9,6,1.55,4,6,1.59,4.3,6.25,1.55,4.08,5.73,1.88,1.98,1.88,2,1.92,2,1.84,1.94,-1,1.98,1.88,2.02,1.88,2.04,1.94,1.96,1.85,1.55,4,6,1.52,4.1,5.75,1.53,4.2,6,1.55,4.16,6.8,1.52,4,6,1.53,4.2,6,1.6,4.33,6.8,1.53,4.12,6.09,1.85,2,1.86,2.03,1.91,2.04,1.81,1.98,-1,1.95,1.9,1.94,1.96,2.03,1.97,1.91,1.9
SC0,30/07/2022,15:00,Kilmarnock,Dundee United,1,1,D,0,1,A,W Collum,18,7,5,5,11,11,4,4,2,0,0,1,2.4,3.3,3,2.4,3.1,2.95,2.45,3.15,3,2.5,3.24,3.14,2.4,3.1,3,2.45,3.1,3,2.5,3.3,3.14,2.43,3.14,3.01,2.3,1.61,2.31,1.67,2.33,1.7,2.25,1.62,-0.25,2.1,1.77,2.13,1.81,2.14,1.81,2.08,1.75,2.37,3.1,3.25,2.4,3,3,2.45,3.1,3.05,2.37,3.25,3.36,2.45,3,3,2.38,3.2,3.1,2.53,3.25,3.36,2.4,3.12,3.09,2.3,1.61,2.31,1.66,2.38,1.67,2.27,1.62,-0.25,2,1.85,2.01,1.89,2.12,1.89,2.03,1.8
SC0,30/07/2022,15:00,St Johnstone,Hibernian,0,1,A,0,0,D,E Anderson,4,14,1,1,12,15,3,9,2,4,1,0,3.2,3.2,2.37,3.2,2.8,2.35,3.25,3.05,2.35,3.42,3.04,2.46,3.25,3,2.35,3.25,3,2.38,3.42,3.2,2.46,3.25,3,2.37,2.62,1.5,2.64,1.53,2.64,1.55,2.53,1.5,0.25,1.83,2.02,1.85,2.07,1.87,2.08,1.81,2.01,3.25,3.1,2.3,3.25,2.75,2.35,3.25,3,2.4,3.52,3.13,2.36,3.2,3,2.35,3.25,3,2.38,3.6,3.17,2.44,3.31,2.99,2.35,2.62,1.5,2.57,1.55,2.77,1.55,2.55,1.5,0.25,1.88,1.98,1.92,1.99,1.92,2.06,1.84,1.97
SC0,31/07/2022,15:00,St Mirren,Motherwell,0,1,A,0,1,A,J Beaton,19,9,6,2,9,11,8,2,4,4,0,1,2.55,3.3,2.8,2.5,3.2,2.75,2.6,3.15,2.8,2.65,3.21,2.95,2.55,3.1,2.8,,,,2.66,3.3,2.95,2.57,3.14,2.81,2.2,1.66,2.33,1.65,2.35,1.69,2.24,1.62,0,1.85,2,1.85,2.06,1.9,2.06,1.83,1.98,2.37,3.2,3.1,2.4,3,3.1,2.4,3.1,3.1,2.45,3.18,3.29,2.45,3,3,2.45,3,3.13,2.53,3.2,3.33,2.4,3.07,3.13,2.5,1.53,2.54,1.56,2.56,1.58,2.44,1.54,-0.25,2.05,1.8,2.07,1.84,2.09,1.86,2.04,1.79
SC0,31/07/2022,16:30,Celtic,Aberdeen,2,0,H,1,0,H,N Walsh,21,5,9,3,11,12,9,3,1,2,0,0,1.25,6,11,1.22,5.5,10.5,1.27,6,11,1.26,6.15,12.12,1.25,5.5,11,1.25,5.75,10.5,1.3,6.2,12.12,1.25,5.75,10.99,1.57,2.37,1.6,2.43,1.64,2.5,1.56,2.38,-1.75,1.98,1.88,2.01,1.88,2.01,1.91,1.96,1.86,1.18,7,13,1.15,7,12.5,1.2,7,13,1.19,7.8,14.95,1.18,6.5,15,1.18,7,15,1.22,7.8,15,1.19,6.99,13.16,1.5,2.62,1.47,2.75,1.51,2.8,1.45,2.66,-2,1.93,1.93,1.95,1.93,2.01,1.96,1.95,1.86
SC0,06/08/2022,15:00,Aberdeen,St Mirren,4,1,H,3,0,H,A Muir,23,6,10,1,12,15,4,4,1,2,0,1,1.95,3.3,4,1.98,3.25,3.8,2.05,3.3,3.85,2.01,3.35,4.32,2.05,3.2,3.8,2,3.25,4,2.05,3.42,4.32,1.99,3.28,3.93,2.2,1.66,2.31,1.66,2.31,1.7,2.2,1.64,-0.5,1.98,1.88,2.01,1.9,2.05,1.91,1.98,1.84,1.8,3.4,4.75,1.8,3.3,4.6,1.83,3.45,4.6,1.85,3.53,4.87,1.78,3.3,4.8,1.8,3.4,4.8,1.85,3.56,5,1.81,3.41,4.67,2.3,1.61,2.33,1.66,2.42,1.67,2.28,1.61,-0.75,2.08,1.73,2.12,1.79,2.14,1.83,2.07,1.77
SC0,06/08/2022,15:00,Motherwell,St Johnstone,1,2,A,0,1,A,W Collum,12,10,2,3,17,9,4,6,1,3,0,0,2.2,3.1,3.6,2.2,3.1,3.4,2.25,3.1,3.4,2.25,3.18,3.71,2.25,3,3.4,2.2,3.1,3.5,2.3,3.23,3.71,2.21,3.09,3.48,2.5,1.53,2.54,1.56,2.55,1.56,2.45,1.53,-0.25,1.88,1.98,1.91,2,1.92,2.01,1.88,1.93,2.2,3.1,3.75,2.2,3,3.4,2.25,3.1,3.5,2.29,3.08,3.76,2.25,3,3.4,2.2,3.1,3.5,2.3,3.18,3.8,2.22,3.06,3.51,2.62,1.5,2.65,1.52,2.7,1.53,2.54,1.5,-0.25,1.9,1.95,1.93,1.98,1.95,1.98,1.89,1.92
SC0,06/08/2022,15:00,Rangers,Kilmarnock,2,0,H,0,0,D,K Clancy,18,4,4,0,13,17,8,3,0,6,0,0,1.22,7,11,1.22,6.25,12,1.22,6.5,13,1.2,7,16.56,1.22,5.8,13,1.22,6,13,1.23,7,17,1.21,6.37,13.53,1.53,2.5,1.57,2.49,1.57,2.5,1.54,2.41,-1.75,1.83,2.02,1.85,2.04,1.88,2.12,1.82,1.99,1.15,8,15,1.18,6.75,14.5,1.2,7,15,1.18,7.58,17.22,1.17,6.5,17,1.15,7.5,17,1.2,8,18,1.17,7.01,15.31,1.53,2.5,1.54,2.57,1.56,2.66,1.51,2.47,-2,2,1.85,1.94,1.94,2.04,2.01,1.91,1.9
SC0,06/08/2022,15:00,Ross County,Celtic,1,3,A,0,0,D,D Robertson,5,23,2,7,10,4,3,12,4,2,0,0,12,6.5,1.22,12,6.25,1.22,12,6.25,1.22,13.07,6.79,1.23,13,6,1.2,13,6.5,1.2,13.07,7,1.25,12.3,6.37,1.21,1.5,2.62,1.52,2.62,1.54,2.7,1.49,2.53,1.75,2.02,1.83,2.05,1.85,2.06,1.9,2,1.82,12,7,1.2,13.5,6.75,1.2,14,6.75,1.2,13.83,7.2,1.21,15,6.5,1.18,15,7,1.18,17,7.8,1.22,13.59,6.89,1.19,1.5,2.62,1.49,2.69,1.51,2.7,1.48,2.57,2,1.88,1.98,1.85,2.05,1.92,2.05,1.84,1.97
SC0,07/08/2022,12:00,Hibernian,Hearts,1,1,D,0,1,A,J Beaton,12,12,3,6,18,13,7,9,3,1,0,0,2.8,3.2,2.6,2.7,3.1,2.6,2.75,3.15,2.65,2.93,3.23,2.65,2.7,3.1,2.62,2.7,3.1,2.6,2.93,3.35,2.8,2.78,3.15,2.6,2.2,1.66,2.25,1.7,2.25,1.74,2.17,1.66,0,2,1.85,2.06,1.86,2.06,1.9,1.98,1.84,2.7,3.2,2.7,2.55,3.1,2.75,2.65,3.15,2.75,2.71,3.2,2.89,2.62,3.1,2.75,2.6,3.2,2.75,2.76,3.27,2.89,2.63,3.14,2.76,2.1,1.72,2.16,1.75,2.24,1.77,2.13,1.69,0,1.85,2,1.89,2.02,1.91,2.05,1.86,1.95
SC0,07/08/2022,15:00,Dundee United,Livingston,0,1,A,0,0,D,S McLean,10,11,3,4,11,14,9,4,2,3,0,0,2.4,3.1,3.2,2.35,3.1,3.1,2.4,3.15,3.1,2.46,3.16,3.29,2.38,3.1,3.1,2.3,3.1,3.1,2.5,3.27,3.29,2.37,3.12,3.12,2.5,1.53,2.4,1.62,2.5,1.63,2.33,1.58,-0.25,2,1.85,2.08,1.84,2.08,1.89,2.01,1.8,2.37,3.1,3.1,2.4,3,3.1,2.45,3.1,3.05,2.46,3.19,3.24,2.5,2.9,3.1,2.4,3.1,3.1,2.6,3.2,3.24,2.47,3.06,3.04,2.37,1.57,2.41,1.62,2.47,1.62,2.33,1.58,-0.25,2.05,1.8,2.09,1.83,2.18,1.83,2.07,1.77
SC0,13/08/2022,15:00,Aberdeen,Motherwell,2,3,A,1,1,D,C Graham,14,19,3,6,9,10,5,12,1,2,0,0,1.8,3.5,4.75,1.78,3.4,4.6,1.8,3.5,4.7,1.8,3.63,5.02,1.7,3.5,5,1.8,3.4,4.75,1.83,3.63,5.1,1.79,3.49,4.66,2.1,1.72,2.19,1.73,2.23,1.75,2.14,1.68,-0.75,2.05,1.8,2.07,1.84,2.09,1.84,2.03,1.79,1.7,3.6,5.5,1.73,3.5,4.8,1.7,3.65,5.25,1.7,3.79,5.6,1.65,3.6,5.25,1.7,3.6,5.25,1.77,3.79,5.6,1.71,3.59,5.08,2.1,1.72,2.18,1.74,2.24,1.77,2.12,1.7,-0.75,1.88,1.98,1.93,1.98,1.95,1.99,1.91,1.91
SC0,13/08/2022,15:00,Livingston,Hibernian,2,1,H,1,0,H,C Napier,12,23,6,5,15,10,3,14,1,2,0,0,3.2,3.1,2.37,3.1,3,2.4,3.2,3.05,2.4,3.29,3.13,2.48,3.1,3,2.4,3.25,3,2.4,3.29,3.21,2.52,3.16,3.05,2.41,2.5,1.53,2.53,1.56,2.55,1.57,2.44,1.53,0.25,1.83,2.02,1.83,2.09,1.88,2.09,1.79,2.02,3.25,3.1,2.37,3.2,3,2.3,3.2,3.1,2.35,3.35,3.16,2.42,3.1,3,2.4,3.1,3.2,2.38,3.35,3.28,2.44,3.19,3.1,2.36,2.3,1.61,2.43,1.61,2.45,1.62,2.34,1.58,0.25,1.83,2.02,1.86,2.05,1.9,2.11,1.82,2.01
SC0,13/08/2022,15:00,Rangers,St Johnstone,4,0,H,1,0,H,N Walsh,24,4,8,1,9,10,9,1,1,2,0,0,1.18,7,17,1.18,6.75,16.5,1.2,6.5,17,1.19,7.16,18.43,1.17,6,21,1.17,6.5,20,1.2,7.16,21,1.18,6.65,16.91,1.72,2.1,1.69,2.24,1.76,2.24,1.69,2.15,-2,2.02,1.83,2.02,1.87,2.06,1.87,2,1.81,1.15,7.5,17,1.16,7.25,17.5,1.2,7.25,12,1.16,7.91,21.23,1.14,6.5,23,1.14,7,23,1.2,8,25,1.15,7.26,18.75,1.61,2.3,1.61,2.39,1.65,2.39,1.61,2.27,-2,1.85,2,1.84,2.06,1.98,2.06,1.84,1.98
SC0,13/08/2022,15:00,St Mirren,Ross County,1,0,H,0,0,D,G Irvine,8,5,2,1,10,10,6,5,1,1,0,0,2.4,3.2,3.1,2.35,3.2,2.95,2.35,3.25,3.1,2.41,3.33,3.2,2.3,3.2,3,2.4,3.13,3.1,2.41,3.37,3.25,2.35,3.24,3.06,2.2,1.66,2.23,1.71,2.23,1.74,2.15,1.68,-0.25,2.02,1.83,2.06,1.85,2.12,1.88,2.01,1.8,2.4,3.1,3.2,2.35,3.1,3,2.4,3.15,3.1,2.49,3.18,3.21,2.35,3,3.1,2.38,3.2,3.1,2.49,3.27,3.3,2.38,3.13,3.12,2.2,1.66,2.28,1.68,2.35,1.71,2.2,1.65,-0.25,2.1,1.77,2.11,1.81,2.11,1.83,2.03,1.8
SC0,14/08/2022,12:00,Kilmarnock,Celtic,0,5,A,0,3,A,D Dickinson,12,20,3,11,18,11,2,8,4,2,0,0,17,6.5,1.2,13.5,6.75,1.2,14,6.75,1.2,13.83,7.05,1.22,15,6,1.2,15,6.5,1.17,17,7.1,1.22,13.55,6.64,1.2,1.53,2.5,1.54,2.58,1.57,2.65,1.5,2.51,2,1.83,2.02,1.86,2.04,1.89,2.05,1.82,1.99,17,7.5,1.16,13.5,7.5,1.18,14,7.5,1.17,15.87,8.26,1.17,15,7,1.17,15,8,1.15,19,8.26,1.18,14.79,7.44,1.17,1.4,3,1.44,2.86,1.45,3,1.42,2.81,2,2.02,1.83,2.04,1.85,2.08,1.87,2.01,1.81
SC0,14/08/2022,15:00,Hearts,Dundee United,4,1,H,1,0,H,C Steven,13,10,12,2,8,11,3,2,0,4,0,0,1.6,3.75,6.5,1.58,3.8,5.5,1.6,3.85,5.75,1.6,4.13,6.05,1.6,3.7,5.8,1.57,3.8,5.75,1.63,4.13,6.5,1.59,3.9,5.66,2,1.85,1.98,1.91,2.04,1.91,1.94,1.85,-1,2.05,1.8,2.11,1.82,2.11,1.85,2.04,1.78,1.5,4,7,1.5,4.1,6.25,1.5,4.3,6.5,1.52,4.28,7.06,1.52,3.9,6.5,1.5,4.2,6.5,1.55,4.3,7.19,1.51,4.13,6.42,1.88,1.98,1.9,1.98,1.99,2.01,1.85,1.93,-1,1.83,2.02,1.89,2.01,1.94,2.06,1.85,1.96
SC0,20/08/2022,12:30,Hibernian,Rangers,2,2,D,0,1,A,W Collum,14,9,5,2,19,7,5,3,4,2,0,2,5.5,4,1.6,5.25,3.9,1.61,5.5,3.95,1.6,5.61,4.26,1.62,5.5,3.8,1.6,5.5,4,1.6,5.75,4.26,1.62,5.42,4,1.6,1.85,2,1.91,1.98,1.91,2.01,1.86,1.93,1,1.77,2.1,1.83,2.09,1.83,2.14,1.77,2.06,6,4,1.55,5.75,3.9,1.55,5.75,4.1,1.57,6.01,4.37,1.57,6,3.75,1.57,5.75,4,1.57,6.25,4.37,1.62,5.68,4.03,1.58,1.93,1.93,1.93,1.96,1.94,2.03,1.87,1.91,1,1.9,1.95,1.92,1.99,1.93,2.1,1.81,2.01
SC0,20/08/2022,15:00,Dundee United,St Mirren,0,3,A,0,1,A,M MacDermid,13,12,3,5,10,17,6,7,3,2,0,0,2.45,3,3.2,2.45,3,3,2.45,3.05,3.1,2.49,3.14,3.25,2.45,3,3,2.5,3,3.1,2.5,3.25,3.25,2.44,3.07,3.08,2.37,1.57,2.41,1.62,2.5,1.62,2.36,1.57,-0.25,2.1,1.77,2.11,1.82,2.19,1.82,2.06,1.77,2.37,3,3.3,2.35,3,3.1,2.4,3.1,3.2,2.39,3.2,3.37,2.4,3,3.1,2.4,3.1,3.13,2.5,3.25,3.37,2.38,3.08,3.18,2.37,1.57,2.4,1.62,2.5,1.62,2.36,1.57,-0.25,2.02,1.83,2.03,1.88,2.07,1.88,2,1.82
SC0,20/08/2022,15:00,Motherwell,Livingston,1,0,H,0,0,D,N Walsh,13,5,2,1,15,16,2,1,1,0,0,1,2.37,3,3.3,2.3,3.1,3.1,2.35,3.15,3.25,2.45,3.15,3.31,2.35,3,3.2,2.38,3.1,3.13,2.45,3.31,3.31,2.35,3.12,3.17,2.3,1.61,2.34,1.65,2.38,1.65,2.28,1.61,-0.25,2.02,1.83,2.08,1.84,2.08,1.88,2,1.82,2.37,3,3.3,2.35,3,3.1,2.4,3.1,3.15,2.5,2.95,3.47,2.45,3,3.1,2.4,3.1,3.13,2.5,3.29,3.47,2.41,3.02,3.19,2.37,1.57,2.38,1.63,2.38,1.65,2.3,1.6,-0.25,2.05,1.8,2.09,1.83,2.09,1.84,2.03,1.79
SC0,20/08/2022,15:00,Ross County,Kilmarnock,1,0,H,0,0,D,D Munro,8,14,5,2,15,16,1,7,3,4,1,0,2.37,3.2,3.1,2.25,3.2,3.2,2.35,3.2,3.1,2.35,3.34,3.29,2.35,3.1,3.1,2.38,3.1,3.2,2.45,3.34,3.29,2.33,3.19,3.13,2.2,1.66,2.27,1.68,2.3,1.68,2.24,1.63,-0.25,2,1.85,2.01,1.89,2.04,1.9,1.99,1.83,2.2,3.25,3.4,2.25,3.1,3.25,2.25,3.2,3.35,2.23,3.29,3.62,2.3,3.1,3.2,2.25,3.2,3.3,2.37,3.37,3.62,2.25,3.17,3.32,2.2,1.66,2.28,1.68,2.29,1.68,2.23,1.64,-0.25,1.88,1.98,1.9,2,1.98,2,1.91,1.9
SC0,20/08/2022,15:00,St Johnstone,Aberdeen,0,1,A,0,0,D,C Napier,7,15,1,4,18,12,5,5,5,0,0,0,3.6,3.1,2.2,3.4,3,2.2,3.4,3.1,2.3,3.62,3.22,2.27,3.4,3,2.25,3.5,3.1,2.2,3.62,3.25,2.3,3.45,3.11,2.22,2.5,1.53,2.48,1.59,2.55,1.59,2.43,1.54,0.25,1.98,1.88,1.98,1.93,2.02,1.93,1.93,1.88,3.6,3.1,2.2,3.4,3,2.2,3.4,3.1,2.25,3.75,3.21,2.22,3.5,3,2.2,3.4,3.2,2.2,3.75,3.26,2.31,3.47,3.11,2.22,2.37,1.57,2.45,1.6,2.5,1.6,2.39,1.56,0.25,1.98,1.88,2.02,1.88,2.02,1.94,1.92,1.89
SC0,21/08/2022,15:00,Celtic,Hearts,2,0,H,1,0,H,K Clancy,15,4,7,0,11,12,4,6,0,3,0,2,1.2,7,13,1.2,6.75,12.5,1.22,6.75,12,1.22,7.06,13.61,1.22,5.8,13,1.2,6.5,12,1.23,7.1,14,1.21,6.55,12.42,1.44,2.75,1.48,2.73,1.48,2.8,1.45,2.69,-2,2.02,1.77,2.07,1.83,2.08,1.84,2.02,1.8,1.14,9,15,1.15,8.5,15,1.17,8.25,13,1.14,9.2,20.09,1.12,8,17,1.13,8.5,17,1.17,9.59,20.09,1.14,8.47,16.13,1.28,3.75,1.33,3.41,1.35,3.75,1.29,3.45,-2.25,1.85,2,1.86,2.03,1.9,2.04,1.85,1.97
SC0,27/08/2022,15:00,Aberdeen,Livingston,5,0,H,1,0,H,C Steven,20,7,6,3,2,11,8,3,0,4,0,1,1.72,3.6,5,1.77,3.5,4.5,1.77,3.55,4.7,1.77,3.65,5.22,1.78,3.4,4.6,1.75,3.6,4.6,1.82,3.66,5.22,1.76,3.54,4.73,2.1,1.72,2.16,1.75,2.2,1.75,2.13,1.69,-0.75,2.02,1.83,2.04,1.88,2.06,1.88,1.99,1.83,1.83,3.5,4.5,1.78,3.4,4.5,1.83,3.5,4.5,1.85,3.53,4.85,1.83,3.3,4.5,1.83,3.5,4.4,1.85,3.65,5.23,1.81,3.48,4.54,2.2,1.66,2.29,1.68,2.29,1.73,2.19,1.66,-0.5,1.83,2.02,1.85,2.06,1.86,2.12,1.81,2.01
SC0,27/08/2022,15:00,Kilmarnock,Motherwell,2,1,H,0,1,A,E Anderson,21,10,4,6,11,20,8,4,2,1,0,0,2.62,3.25,2.75,2.4,3.2,2.6,2.65,3.2,2.75,2.77,3.26,2.78,2.6,3.1,2.75,2.55,3.2,2.8,2.77,3.36,2.88,2.62,3.2,2.72,2.2,1.66,2.25,1.7,2.25,1.76,2.15,1.68,0,1.9,1.95,1.94,1.96,1.95,2.01,1.87,1.94,2.75,3.25,2.7,2.45,3.1,2.65,2.75,3.15,2.65,2.89,3.19,2.72,2.7,3.1,2.62,2.7,3.25,2.63,2.89,3.35,3,2.71,3.15,2.67,2.2,1.66,2.26,1.69,2.28,1.72,2.19,1.66,0,2,1.85,2.01,1.89,2.05,1.95,1.94,1.87
SC0,27/08/2022,15:00,Rangers,Ross County,4,0,H,2,0,H,D Robertson,31,4,13,0,10,10,7,1,2,2,0,0,1.14,8.5,17,1.16,7.5,17,1.17,7.5,16,1.15,8.65,19.72,1.14,7,19,1.14,7.5,19,1.17,8.65,21,1.15,7.64,17.43,1.44,2.75,1.48,2.71,1.5,2.8,1.47,2.62,-2.25,2.05,1.8,2.08,1.83,2.09,1.83,2.03,1.79,1.11,9.5,21,1.12,9,21,1.15,8,19,1.12,10.35,26.15,1.1,8,29,1.1,9,23,1.15,10.35,29,1.12,8.71,20.74,1.4,3,1.4,3.03,1.47,3.03,1.41,2.84,-2.25,1.77,2.1,1.83,2.05,2,2.13,1.82,2
SC0,27/08/2022,15:00,St Mirren,Hibernian,1,0,H,1,0,H,G Grainger,14,14,2,1,8,12,4,10,1,3,0,0,3.5,3.1,2.25,3.1,3.1,2.35,3.3,3.15,2.3,3.45,3.18,2.36,3.25,3.1,2.25,3.3,3.1,2.3,3.5,3.28,2.4,3.3,3.12,2.29,2.3,1.61,2.38,1.63,2.39,1.63,2.31,1.59,0.25,1.88,1.98,1.91,2,1.91,2.01,1.86,1.95,3.4,3.1,2.25,3.2,3.1,2.25,3.3,3.1,2.3,3.43,3.12,2.4,3.2,3.1,2.3,3.4,3.1,2.25,3.51,3.3,2.4,3.3,3.09,2.3,2.3,1.61,2.38,1.63,2.38,1.64,2.31,1.59,0.25,1.88,1.98,1.88,2.03,1.94,2.03,1.87,1.94
SC0,28/08/2022,12:00,Dundee United,Celtic,0,9,A,0,4,A,S McLean,6,30,2,13,6,7,2,11,1,0,0,0,15,8,1.16,15.5,8,1.15,16,7.75,1.15,19.21,8.01,1.17,19,7,1.14,17,7.5,1.13,19.21,8.5,1.18,16.57,7.62,1.15,1.44,2.75,1.48,2.72,1.48,2.9,1.42,2.76,2,2.02,1.77,2.09,1.82,2.14,1.85,2.05,1.77,19,10,1.11,19,9.75,1.11,16,9.5,1.12,28.74,10.78,1.11,26,8.5,1.1,26,9.5,1.09,28.74,10.9,1.14,21.47,9.46,1.11,1.33,3.4,1.34,3.34,1.42,3.4,1.34,3.2,2.5,1.95,1.9,1.95,1.93,1.98,2.2,1.89,1.93
SC0,28/08/2022,15:00,Hearts,St Johnstone,3,2,H,2,1,H,J Beaton,27,9,6,5,9,13,3,4,0,4,0,0,1.65,3.75,5.75,1.62,3.7,5.5,1.63,3.75,5.75,1.65,3.8,6.16,1.62,3.6,5.8,1.6,3.6,5.75,1.67,3.88,6.25,1.62,3.72,5.73,2.1,1.72,2.12,1.78,2.19,1.78,2.09,1.72,-0.75,1.8,2.05,1.85,2.07,1.85,2.09,1.79,2.02,1.83,3.5,4.75,1.85,3.3,4.33,1.85,3.45,4.4,1.84,3.46,5.09,1.85,3.3,4.33,1.83,3.5,4.4,1.89,3.65,5.15,1.82,3.42,4.55,2.2,1.66,2.22,1.71,2.25,1.75,2.16,1.67,-0.5,1.8,2.05,1.84,2.08,1.89,2.25,1.81,2.01
SC0,03/09/2022,12:30,Celtic,Rangers,4,0,H,3,0,H,N Walsh,15,11,6,2,12,11,3,4,3,3,0,0,1.85,3.75,4,1.9,3.6,3.75,1.9,3.65,3.85,1.87,3.84,4.26,1.83,3.7,4,1.87,3.75,3.9,1.93,4.05,4.33,1.86,3.69,4.01,1.72,2.1,1.75,2.17,1.82,2.22,1.74,2.08,-0.5,1.85,2,1.87,2.04,1.9,2.04,1.85,1.97,1.75,3.8,4.5,1.72,3.8,4.4,1.83,3.5,4.4,1.79,3.81,4.76,1.75,3.8,4.2,1.7,4,4.5,1.83,4.15,4.76,1.77,3.8,4.39,1.72,2.1,1.74,2.18,1.8,2.29,1.71,2.12,-0.75,2.02,1.83,2.01,1.9,2.05,1.93,1.97,1.86
SC0,03/09/2022,15:00,Hibernian,Kilmarnock,1,0,H,1,0,H,J Beaton,25,7,8,1,12,10,7,3,2,3,0,1,1.7,3.6,5.25,1.63,3.7,5.5,1.7,3.7,5.25,1.72,3.79,5.37,1.67,3.6,5.25,1.7,3.6,5.25,1.72,3.85,5.5,1.68,3.69,5.11,2.1,1.72,2.13,1.78,2.13,1.81,2.04,1.76,-0.75,1.9,1.95,1.93,1.97,1.93,2,1.88,1.93,1.65,3.75,5.75,1.65,3.6,5.5,1.7,3.65,5.25,1.68,3.72,5.99,1.67,3.5,5.5,1.65,3.75,5.5,1.73,3.85,5.99,1.68,3.63,5.33,2.1,1.72,2.11,1.78,2.13,1.8,2.06,1.74,-0.75,1.83,2.02,1.88,2.03,1.89,2.09,1.85,1.96
SC0,03/09/2022,15:00,Livingston,Hearts,1,0,H,1,0,H,W Collum,12,6,6,0,13,13,3,3,4,2,0,0,3.4,3.25,2.2,3.25,3.3,2.15,3.25,3.35,2.25,3.38,3.47,2.26,3.3,3.2,2.2,3.4,3.25,2.2,3.5,3.47,2.26,3.28,3.32,2.2,2.1,1.72,2.06,1.84,2.17,1.84,2.04,1.76,0.25,1.95,1.9,1.96,1.94,1.99,1.94,1.92,1.89,3.4,3.4,2.2,3.25,3.4,2.1,3.3,3.45,2.15,3.43,3.55,2.2,3.4,3.3,2.1,3.3,3.4,2.15,3.5,3.57,2.2,3.32,3.42,2.14,1.93,1.93,1.97,1.92,2,1.95,1.92,1.86,0.25,1.95,1.9,2.01,1.9,2.01,1.95,1.96,1.85
SC0,03/09/2022,15:00,Motherwell,Dundee United,0,0,D,0,0,D,C Napier,21,11,5,3,16,15,3,6,2,1,0,0,1.95,3.3,4.2,1.95,3.3,3.8,2,3.35,3.9,2.03,3.42,4.09,1.91,3.4,4,1.95,3.3,4,2.03,3.5,4.2,1.98,3.35,3.89,2.1,1.72,2.22,1.71,2.23,1.77,2.14,1.69,-0.5,2,1.85,2.03,1.88,2.03,1.91,1.98,1.84,1.95,3.3,4.2,1.93,3.3,3.9,1.97,3.4,3.95,2.02,3.41,4.17,1.88,3.3,4.2,1.93,3.3,4.2,2.02,3.5,4.2,1.96,3.36,3.96,2.2,1.66,2.22,1.71,2.23,1.78,2.14,1.69,-0.5,1.98,1.88,2.02,1.89,2.02,1.94,1.96,1.86
SC0,03/09/2022,15:00,Ross County,Aberdeen,1,1,D,0,0,D,K Clancy,11,11,2,5,8,5,3,13,0,2,0,0,4,3.3,2,3.6,3.3,2,3.7,3.3,2.05,3.94,3.5,2.04,3.7,3.25,2.05,3.7,3.3,2.05,4,3.53,2.1,3.74,3.34,2.03,2.1,1.72,2.15,1.76,2.15,1.79,2.09,1.72,0.5,1.85,2,1.87,2.04,1.87,2.05,1.81,2.02,3.6,3.2,2.15,3.4,3.1,2.2,3.45,3.2,2.2,3.58,3.3,2.24,3.5,3.1,2.15,3.3,3.3,2.2,3.6,3.36,2.24,3.44,3.2,2.19,2.2,1.66,2.35,1.65,2.35,1.67,2.25,1.63,0.25,1.95,1.9,1.99,1.92,1.99,1.95,1.93,1.88
SC0,03/09/2022,15:00,St Johnstone,St Mirren,3,0,H,1,0,H,C Steven,9,10,4,2,4,15,1,9,2,5,0,0,2.5,3.1,3,2.45,3,2.95,2.5,3.1,3.05,2.57,3.08,3.19,2.45,3,3.1,2.45,3,3.13,2.57,3.15,3.19,2.48,3.05,3.03,2.5,1.53,2.65,1.52,2.65,1.55,2.48,1.52,-0.25,2.1,1.7,2.16,1.78,2.16,1.81,2.09,1.75,2.9,3,2.62,2.8,2.9,2.65,2.9,2.95,2.65,3.02,3.01,2.75,2.88,2.88,2.7,2.88,3,2.63,3.02,3.07,2.8,2.89,2.95,2.66,2.62,1.5,2.72,1.5,2.72,1.52,2.62,1.47,0,2.05,1.8,2.05,1.86,2.09,1.87,1.99,1.83
SC0,17/09/2022,15:00,Hibernian,Aberdeen,3,1,H,1,1,D,D Dickinson,25,5,8,1,19,14,10,2,2,4,0,1,2.25,3.25,3.4,2.3,3.1,3.1,2.35,3.2,3.15,2.38,3.29,3.3,2.35,3.1,3.1,2.3,3.1,3.13,2.38,3.29,3.4,2.31,3.18,3.18,2.2,1.66,2.28,1.68,2.3,1.72,2.2,1.65,-0.25,2,1.85,2.03,1.88,2.03,1.91,1.97,1.85,2.25,3.3,3.3,2.2,3.25,3.2,2.25,3.3,3.25,2.33,3.29,3.4,2.25,3.2,3.2,2.2,3.3,3.13,2.33,3.34,3.5,2.24,3.25,3.25,2.1,1.72,2.17,1.75,2.23,1.77,2.12,1.7,-0.25,1.95,1.9,1.98,1.93,2,1.95,1.92,1.89
SC0,17/09/2022,15:00,Livingston,Kilmarnock,1,0,H,1,0,H,G Irvine,9,3,1,1,14,12,5,4,1,2,0,0,2,3.3,4,1.98,3.3,3.8,2.05,3.3,3.8,2.03,3.45,4.08,2,3.25,3.8,1.95,3.25,3.9,2.07,3.45,4.1,2,3.31,3.85,2.2,1.66,2.23,1.71,2.25,1.71,2.18,1.66,-0.5,2,1.85,2.03,1.88,2.05,1.91,1.99,1.83,2.05,3.25,3.8,2.05,3.2,3.6,2.15,3.2,3.65,2.1,3.24,4.1,2.05,3.2,3.7,2.05,3.2,3.6,2.15,3.34,4.1,2.08,3.19,3.74,2.2,1.66,2.34,1.65,2.34,1.68,2.27,1.62,-0.25,1.77,2.02,1.78,2.14,1.84,2.14,1.77,2.05
SC0,17/09/2022,15:00,Rangers,Dundee United,2,1,H,1,0,H,K Clancy,17,10,6,5,10,8,7,4,3,2,0,0,1.11,9,21,1.12,9,21,1.15,7.5,19,1.13,9.31,23.59,1.1,8,26,1.1,8.5,21,1.16,9.6,26,1.12,8.55,20.86,1.44,2.75,1.46,2.79,1.45,2.9,1.42,2.76,-2.25,1.85,2,1.93,1.96,1.89,2.06,1.82,1.99,1.14,8,17,1.15,8.25,16,1.15,7.5,16,1.15,8.91,20.06,1.12,7.5,21,1.13,8,17,1.15,9.5,25.5,1.13,8.19,18.56,1.44,2.75,1.42,2.95,1.44,3,1.41,2.82,-2.25,1.98,1.88,1.97,1.92,2.05,1.94,1.93,1.88
SC0,17/09/2022,15:00,St Johnstone,Ross County,0,0,D,0,0,D,M MacDermid,15,9,1,1,9,12,5,3,4,2,0,0,2.37,3.2,3.2,2.3,3.1,3.1,2.35,3.15,3.2,2.43,3.22,3.28,2.3,3.1,3.2,2.3,3.1,3.1,2.43,3.4,3.55,2.32,3.18,3.15,2.3,1.61,2.44,1.61,2.45,1.61,2.35,1.57,-0.25,2.02,1.83,2.06,1.85,2.06,1.89,1.99,1.82,2.5,3,3.2,2.5,2.9,3,2.55,2.95,3.1,2.55,2.99,3.32,2.5,2.9,3.1,2.5,3,2.9,2.63,3.1,3.32,2.53,2.96,3.05,2.75,1.44,2.77,1.49,2.77,1.53,2.6,1.48,0,1.7,2.2,1.71,2.24,1.81,2.24,1.74,2.11
SC0,18/09/2022,12:00,St Mirren,Celtic,2,0,H,1,0,H,D Robertson,4,18,2,4,15,11,6,7,3,2,0,0,17,7.5,1.16,14,7,1.18,14,7,1.2,17.42,7.24,1.19,17,6.5,1.17,15,7,1.15,17.42,7.5,1.21,15.12,6.95,1.18,1.5,2.62,1.51,2.64,1.51,2.8,1.47,2.62,2,1.98,1.88,2,1.88,2,1.96,1.93,1.88,12,6,1.25,11.5,6,1.23,11,6.25,1.25,14.63,6.31,1.23,15,5.8,1.2,11,6,1.22,16.7,6.78,1.25,12.75,6.13,1.22,1.53,2.5,1.58,2.45,1.58,2.6,1.53,2.47,1.75,1.9,1.95,1.93,1.95,2,2,1.94,1.87
SC0,18/09/2022,15:00,Motherwell,Hearts,0,3,A,0,1,A,N Walsh,25,10,5,6,12,13,6,2,3,2,0,0,2.75,3.5,2.5,2.65,3.3,2.55,2.8,3.35,2.5,2.82,3.44,2.62,2.75,3.25,2.5,2.75,3.25,2.5,2.82,3.52,2.62,2.75,3.34,2.5,2,1.85,2.03,1.86,2.03,1.89,1.96,1.82,0,2.02,1.83,2.03,1.88,2.08,1.89,1.99,1.82,2.55,3.4,2.62,2.55,3.25,2.7,2.55,3.3,2.75,2.68,3.33,2.83,2.55,3.2,2.75,2.5,3.3,2.7,2.68,3.49,2.85,2.54,3.3,2.74,2,1.85,2.04,1.85,2.05,1.9,1.98,1.81,0,1.9,1.95,1.9,2.01,1.94,2.05,1.85,1.98
SC0,01/10/2022,12:30,Hearts,Rangers,0,4,A,0,2,A,S McLean,7,20,1,7,11,12,5,7,1,2,1,0,5,4,1.7,4.5,3.9,1.7,4.7,3.95,1.7,4.93,4.29,1.68,4.75,3.8,1.67,4.6,4,1.65,5,4.29,1.72,4.68,4.02,1.67,1.66,2.2,1.69,2.27,1.69,2.35,1.63,2.24,0.75,2,1.85,2.06,1.85,2.06,1.89,1.97,1.84,5.5,4.5,1.53,5.5,4.2,1.55,5.25,4.4,1.57,5.8,4.46,1.56,5.8,4,1.53,5.75,4.33,1.5,6,4.61,1.59,5.61,4.35,1.53,1.61,2.3,1.68,2.28,1.72,2.38,1.61,2.27,1,1.98,1.88,2,1.91,2.02,1.93,1.95,1.87
SC0,01/10/2022,15:00,Aberdeen,Kilmarnock,4,1,H,3,1,H,K Clancy,16,7,8,3,12,11,5,5,1,2,0,0,1.66,3.6,5.75,1.68,3.6,4.8,1.7,3.65,5.25,1.69,3.85,5.53,1.7,3.5,5,1.65,3.6,5.25,1.76,3.85,5.75,1.69,3.67,5.11,2,1.8,2.09,1.81,2.14,1.83,2.04,1.76,-0.75,1.88,1.98,1.9,2.01,1.92,2.03,1.87,1.94,1.66,3.75,5.25,1.68,3.6,4.8,1.7,3.7,5.25,1.76,3.71,5,1.7,3.5,5.25,1.67,3.7,4.8,1.76,3.82,5.45,1.7,3.66,5,2,1.8,2.09,1.81,2.1,1.86,2.02,1.77,-0.75,1.95,1.9,1.99,1.92,1.99,1.96,1.91,1.9
SC0,01/10/2022,15:00,Celtic,Motherwell,2,1,H,1,1,D,J Beaton,17,7,6,2,10,9,7,4,1,4,1,0,1.11,10,17,1.11,9.5,20,1.12,9,19,1.14,9.75,19.24,1.11,8,21,1.1,9,19,1.14,10,23,1.11,9.08,19.06,1.33,3.4,1.34,3.36,1.36,3.6,1.31,3.34,-2.5,1.95,1.9,2,1.89,2,1.93,1.94,1.87,1.1,10,19,1.1,11,20,1.1,10,22,1.11,10.89,24.44,1.08,9,26,1.08,9.5,21,1.12,11,26,1.1,9.92,22.06,1.3,3.5,1.31,3.54,1.34,3.7,1.3,3.41,-2.5,1.85,2,1.87,2.02,1.92,2.06,1.84,1.97
SC0,01/10/2022,15:00,Dundee United,St Johnstone,1,2,A,0,2,A,D Munro,19,12,6,3,11,11,9,0,5,3,0,0,2.4,3.2,3.1,2.45,2.95,3,2.45,3.1,3.05,2.6,3.07,3.15,2.45,3,3,2.45,3,3,2.6,3.21,3.15,2.48,3.05,3.03,2.37,1.57,2.52,1.57,2.52,1.58,2.41,1.55,-0.25,2.08,1.73,2.18,1.75,2.2,1.81,2.1,1.73,2.37,3,3.3,2.35,2.95,3.25,2.35,3.05,3.3,2.39,3.06,3.43,2.3,3,3.3,2.3,3,3.25,2.48,3.15,3.47,2.34,3.01,3.3,2.62,1.5,2.63,1.53,2.7,1.55,2.55,1.5,-0.25,1.98,1.88,2.02,1.88,2.05,1.93,1.96,1.84
SC0,01/10/2022,15:00,Ross County,Hibernian,0,2,A,0,0,D,A Muir,9,24,2,9,13,14,6,11,1,0,0,0,3.75,3.3,2.05,3.6,3.2,2.05,3.5,3.35,2.15,3.65,3.45,2.15,3.5,3.2,2.1,3.6,3.25,2.05,3.75,3.47,2.17,3.52,3.35,2.09,2.1,1.72,2.18,1.74,2.23,1.74,2.14,1.69,0.25,2.05,1.8,2.07,1.85,2.12,1.86,2.02,1.79,4.33,3.4,1.9,4,3.3,1.9,4,3.45,1.95,4.3,3.5,1.93,4,3.4,1.91,4.1,3.4,1.87,4.33,3.55,2,4,3.42,1.93,2.2,1.66,2.25,1.7,2.29,1.75,2.17,1.67,0.5,1.95,1.9,1.97,1.93,1.98,1.95,1.9,1.91
SC0,01/10/2022,15:00,St Mirren,Livingston,2,1,H,0,0,D,C Napier,8,10,3,3,16,11,6,7,3,1,1,0,2.3,3.2,3.3,2.3,3.2,3,2.3,3.2,3.3,2.41,3.17,3.36,2.3,3.1,3.25,2.3,3.1,3.13,2.41,3.3,3.5,2.3,3.17,3.23,2.3,1.61,2.35,1.64,2.38,1.68,2.28,1.61,-0.25,2.02,1.83,2.04,1.87,2.05,1.92,1.97,1.84,2.2,3.1,3.6,2.2,3.1,3.4,2.3,3.1,3.4,2.22,3.03,3.92,2.25,3,3.4,2.15,3.1,3.5,2.31,3.25,3.92,2.23,3.08,3.48,2.62,1.5,2.59,1.54,2.62,1.61,2.45,1.53,-0.25,1.88,1.98,1.87,2.04,1.94,2.04,1.88,1.93
SC0,04/10/2022,19:45,Ross County,Motherwell,0,5,A,0,1,A,C Graham,9,11,1,6,16,13,4,3,3,2,0,0,2.87,3.3,2.45,2.87,3.2,2.4,2.95,3.2,2.5,3.08,3.35,2.47,3,3.1,2.4,2.9,3.2,2.4,3.08,3.35,2.5,2.95,3.21,2.43,2.1,1.72,2.12,1.78,2.23,1.79,2.12,1.7,0.25,1.77,2.1,1.81,2.12,1.81,2.13,1.76,2.08,2.9,3.3,2.4,2.95,3.1,2.4,3,3.2,2.45,3.11,3.23,2.52,2.9,3.2,2.4,2.9,3.2,2.4,3.11,3.41,2.55,2.97,3.18,2.44,2.3,1.61,2.32,1.66,2.37,1.68,2.22,1.64,0.25,1.75,2.13,1.79,2.14,1.8,2.16,1.76,2.09
SC0,05/10/2022,19:45,Kilmarnock,St Johnstone,2,1,H,1,0,H,A Muir,11,15,2,5,16,16,5,5,0,3,0,0,2.3,3.2,3.3,2.3,3,3.2,2.3,3.15,3.3,2.21,3.29,3.68,2.35,3,3.25,2.25,3.1,3.2,2.35,3.29,3.68,2.25,3.14,3.38,2.37,1.57,2.38,1.63,2.41,1.63,2.34,1.58,-0.25,2,1.85,1.88,2.03,2,2.03,1.88,1.93,2.2,3.1,3.6,2.15,3.1,3.4,2.25,3.15,3.4,2.25,3.2,3.7,2.3,3.1,3.25,2.1,3.2,3.5,2.32,3.31,3.7,2.21,3.16,3.44,2.37,1.57,2.41,1.62,2.47,1.62,2.36,1.57,-0.25,1.88,1.98,1.91,2,1.95,2.03,1.87,1.95
SC0,08/10/2022,12:30,St Johnstone,Celtic,1,2,A,0,1,A,E Anderson,8,11,3,4,14,10,2,8,3,3,0,0,13,7,1.2,13,6.75,1.2,13,6.75,1.2,12.1,7.41,1.22,15,6,1.2,13,6.5,1.18,15,7.5,1.22,12.98,6.74,1.2,1.5,2.62,1.5,2.66,1.51,2.7,1.48,2.59,2,1.85,2,1.88,2.01,1.9,2.05,1.85,1.98,13,7,1.2,13,6.75,1.2,10,6.75,1.25,15.17,7.21,1.2,13,6.5,1.2,13,7,1.17,15.17,7.5,1.25,13.33,6.78,1.2,1.57,2.37,1.57,2.48,1.57,2.66,1.52,2.47,2,1.85,2,1.85,2.05,1.9,2.06,1.83,2
SC0,08/10/2022,15:00,Hibernian,Motherwell,1,0,H,0,0,D,G Irvine,14,9,5,1,16,10,3,7,2,4,0,1,1.75,3.6,4.75,1.83,3.5,4.2,1.8,3.55,4.5,1.82,3.61,4.89,1.73,3.5,4.8,1.75,3.5,4.6,1.85,3.73,4.89,1.79,3.54,4.57,2.1,1.72,2.15,1.76,2.17,1.78,2.09,1.72,-0.75,2.05,1.8,2.1,1.83,2.1,1.88,2.03,1.8,1.72,3.8,4.5,1.72,3.6,4.6,1.77,3.7,4.5,1.75,3.82,5.06,1.67,3.7,5,1.73,3.6,4.6,1.83,3.92,5.06,1.75,3.69,4.61,1.93,1.93,1.95,1.93,2.15,1.94,1.94,1.84,-0.75,1.95,1.9,1.98,1.92,2.08,1.93,1.96,1.87
SC0,08/10/2022,15:00,Livingston,Ross County,0,1,A,0,0,D,G Grainger,22,5,3,1,10,18,9,2,0,3,0,0,1.9,3.4,4.2,1.93,3.3,4,1.97,3.35,3.95,1.94,3.41,4.51,1.95,3.25,4,1.9,3.4,3.9,1.98,3.52,4.6,1.93,3.35,4.12,2.2,1.66,2.23,1.71,2.25,1.72,2.18,1.66,-0.5,1.93,1.93,1.94,1.96,1.97,1.97,1.92,1.9,1.9,3.3,4.33,1.93,3.25,4,1.95,3.35,4.1,1.9,3.42,4.74,1.95,3.2,4.2,1.87,3.3,4.2,2,3.47,4.74,1.92,3.31,4.24,2.2,1.66,2.28,1.68,2.35,1.68,2.25,1.63,-0.5,1.88,1.98,1.9,2,1.95,2.03,1.91,1.92
SC0,08/10/2022,15:00,Rangers,St Mirren,4,0,H,2,0,H,N Walsh,19,9,8,3,10,10,8,5,0,2,0,0,1.2,6,15,1.21,6,14,1.22,6.25,13,1.2,6.9,18.05,1.2,5.8,15,1.2,6,13,1.22,6.9,18.05,1.2,6.27,14.17,1.57,2.37,1.59,2.44,1.63,2.44,1.58,2.35,-1.75,1.83,2.02,1.82,2.08,1.88,2.08,1.83,2,1.2,6,15,1.2,6.75,13,1.25,6.25,12,1.21,6.82,15.73,1.2,6,15,1.18,6.5,13,1.25,7,16.6,1.2,6.54,13.67,1.5,2.62,1.52,2.64,1.56,2.64,1.5,2.53,-2,2.05,1.8,2.07,1.83,2.11,1.88,2.03,1.8
SC0,08/10/2022,18:00,Dundee United,Aberdeen,4,0,H,2,0,H,W Collum,14,14,8,1,9,13,5,1,2,1,0,0,3.6,3.3,2.05,3.3,3.3,2.15,3.5,3.35,2.1,3.81,3.38,2.13,3.4,3.2,2.15,3.5,3.3,2.05,3.81,3.45,2.17,3.55,3.32,2.09,2.1,1.72,2.11,1.79,2.17,1.82,2.07,1.74,0.25,2.1,1.77,2.1,1.83,2.12,1.83,2.05,1.78,4,3.4,1.9,3.9,3.4,1.9,3.85,3.5,1.95,4.08,3.69,1.95,3.8,3.3,2,4,3.3,1.93,4.1,3.69,2.15,3.83,3.46,1.95,2.02,1.83,2.03,1.86,2.12,1.86,2.04,1.76,0.5,1.93,1.93,1.95,1.95,1.98,2,1.89,1.94
SC0,09/10/2022,15:00,Kilmarnock,Hearts,2,2,D,0,0,D,M MacDermid,14,11,6,5,21,13,6,3,2,1,0,0,3.25,3.4,2.2,3.3,3.4,2.1,3.3,3.45,2.15,3.37,3.62,2.2,3.4,3.3,2.1,3.25,3.4,2.1,3.5,3.62,2.2,3.28,3.45,2.14,1.95,1.9,1.99,1.9,1.99,1.95,1.92,1.87,0.25,1.98,1.88,2,1.91,2,1.93,1.96,1.86,3.4,3.5,2.1,3.3,3.4,2.05,3.35,3.45,2.1,3.5,3.68,2.12,3.4,3.3,2.1,3.3,3.5,2.05,3.55,3.68,2.16,3.38,3.5,2.09,1.88,1.98,1.92,1.97,1.99,2.02,1.87,1.91,0.25,2.05,1.8,2.07,1.84,2.12,1.85,2.02,1.8
SC0,11/10/2022,19:45,Dundee United,Hibernian,1,0,H,1,0,H,E Anderson,9,18,1,7,11,13,5,10,5,2,0,0,4,3.6,1.9,3.9,3.5,1.88,3.9,3.5,1.95,4.23,3.69,1.92,3.9,3.4,1.91,3.8,3.5,1.9,4.3,3.69,2,3.93,3.53,1.91,1.98,1.88,2.02,1.87,2.02,1.92,1.97,1.82,0.5,1.93,1.93,1.99,1.92,1.99,1.96,1.91,1.91,4,3.75,1.85,4.1,3.5,1.83,4.1,3.6,1.9,4.42,3.75,1.88,4,3.6,1.83,4.1,3.6,1.8,4.5,3.85,1.92,4.12,3.62,1.85,1.98,1.88,2,1.89,2,2.03,1.93,1.85,0.5,2.02,1.83,2.03,1.88,2.07,1.9,1.98,1.84
SC0,15/10/2022,15:00,Celtic,Hibernian,6,1,H,3,0,H,S McLean,20,9,9,5,17,7,7,2,1,0,0,0,1.25,6,13,1.22,6.25,11.5,1.25,6.25,11,1.25,6.12,13.68,1.22,5.8,12,1.22,6,12,1.26,6.5,14,1.23,6.02,11.98,1.53,2.5,1.53,2.59,1.55,2.63,1.5,2.51,-1.75,1.88,1.98,1.88,2,1.97,2.01,1.86,1.95,1.36,5,9,1.34,5,8,1.37,5.25,7.75,1.36,5.17,9.6,1.32,5,9,1.33,5,8,1.37,5.5,10,1.34,5.09,8.6,1.57,2.37,1.59,2.47,1.59,2.51,1.54,2.41,-1.5,2.02,1.83,2.04,1.87,2.06,1.94,1.97,1.85
SC0,15/10/2022,15:00,Livingston,St Johnstone,1,0,H,1,0,H,K Clancy,14,10,4,3,20,18,8,2,3,3,0,0,2,3.25,4.2,2,3.1,3.9,2.05,3.2,4,2.02,3.31,4.32,2,3.1,4,1.95,3.2,4,2.05,3.31,4.32,2,3.2,4.03,2.5,1.53,2.45,1.6,2.5,1.62,2.41,1.55,-0.5,2,1.85,2.02,1.88,2.05,1.9,1.99,1.83,1.9,3.3,4.5,1.9,3.1,4.33,1.95,3.2,4.3,1.98,3.22,4.67,1.91,3.1,4.5,1.91,3.2,4.1,1.99,3.4,4.7,1.93,3.2,4.35,2.5,1.53,2.55,1.56,2.56,1.57,2.45,1.53,-0.5,1.95,1.9,1.98,1.93,1.99,1.96,1.93,1.89
SC0,15/10/2022,15:00,Ross County,Dundee United,1,1,D,1,0,H,C Napier,6,14,1,3,12,11,4,10,1,0,0,0,2.37,3.25,3.1,2.35,3.1,2.75,2.4,3.15,3.1,2.54,3.23,3.09,2.4,3.1,3,2.38,3.1,3,2.54,3.34,3.2,2.41,3.16,3.01,2.2,1.66,2.29,1.68,2.3,1.68,2.21,1.64,-0.25,2.1,1.77,2.16,1.78,2.16,1.81,2.07,1.77,2.87,3.2,2.55,2.75,3.1,2.35,2.85,3.15,2.55,2.97,3.29,2.58,2.75,3.1,2.6,2.8,3.2,2.45,2.97,3.35,2.7,2.82,3.17,2.55,2.2,1.66,2.25,1.7,2.27,1.7,2.19,1.65,0,2.05,1.8,2.1,1.82,2.1,1.89,2.01,1.82
SC0,15/10/2022,15:00,St Mirren,Kilmarnock,0,0,D,0,0,D,C Graham,14,14,3,4,20,12,6,8,3,2,0,0,2.05,3.25,3.8,2,3.2,3.7,2.1,3.25,3.7,2.08,3.45,3.88,2.05,3.1,3.8,2,3.25,3.75,2.13,3.45,4.1,2.05,3.28,3.73,2.2,1.66,2.26,1.69,2.26,1.71,2.19,1.65,-0.5,2.05,1.8,2.08,1.84,2.12,1.89,2.03,1.8,1.9,3.3,4.5,1.9,3.25,4.1,1.9,3.35,4.4,1.9,3.43,4.74,1.91,3.2,4.33,1.83,3.4,4.33,2,3.45,4.74,1.89,3.31,4.37,2.2,1.66,2.28,1.68,2.3,1.68,2.24,1.63,-0.5,1.85,2,1.9,2.01,1.91,2.03,1.87,1.95
SC0,16/10/2022,12:00,Motherwell,Rangers,1,2,A,0,0,D,D Dickinson,5,7,2,4,15,18,3,3,3,4,0,0,8.5,4.75,1.4,7.75,4.75,1.37,7.75,4.9,1.4,8.47,4.91,1.41,8.5,4.5,1.36,8,4.8,1.33,8.7,5.04,1.42,7.86,4.8,1.38,1.66,2.2,1.7,2.25,1.7,2.25,1.65,2.2,1.25,2.02,1.83,2.04,1.87,2.06,1.96,1.99,1.83,7,4.33,1.5,6.25,4.2,1.49,6.5,4.5,1.47,7.19,4.45,1.5,7,4.2,1.44,6.5,4.4,1.45,7.8,4.57,1.51,6.65,4.37,1.47,1.66,2.2,1.74,2.19,1.74,2.28,1.69,2.14,1,2.05,1.75,2.11,1.8,2.16,1.83,2.06,1.77
SC0,16/10/2022,15:00,Aberdeen,Hearts,2,0,H,0,0,D,D Robertson,16,13,5,3,11,16,4,1,3,3,0,0,2.3,3.3,3.2,2.25,3.4,2.95,2.3,3.45,3.05,2.33,3.72,3.03,2.25,3.4,3,2.3,3.4,2.9,2.4,3.72,3.2,2.28,3.47,2.98,1.85,2,1.87,2.02,1.88,2.05,1.83,1.95,-0.25,2,1.85,2.03,1.88,2.05,1.9,1.98,1.84,2.1,3.4,3.5,2.1,3.4,3.3,2.15,3.45,3.4,2.15,3.55,3.56,2.05,3.3,3.6,2.05,3.5,3.3,2.18,3.71,3.7,2.09,3.46,3.43,1.85,2,1.87,2.03,1.9,2.03,1.83,1.95,-0.25,1.83,2.02,1.85,2.06,1.86,2.11,1.8,2.03
SC0,21/10/2022,19:30,Hibernian,St Johnstone,1,2,A,1,0,H,K Clancy,15,7,5,5,17,10,1,1,4,1,1,0,1.65,3.8,5.75,1.63,3.75,5.25,1.65,3.8,5.25,1.64,3.95,5.95,1.65,3.6,5.25,1.6,3.9,5.25,1.66,4,6,1.63,3.82,5.43,1.98,1.88,2.02,1.87,2.05,1.91,1.97,1.83,-0.75,1.8,2.05,1.83,2.09,1.86,2.11,1.8,2.02,1.57,3.75,6,1.57,3.8,5.75,1.57,3.9,6,1.6,3.9,6.72,1.6,3.6,6,1.55,3.8,6,1.63,4,6.72,1.58,3.83,6.03,2.1,1.72,2.17,1.75,2.24,1.8,2.09,1.72,-1,2.05,1.8,2.09,1.83,2.09,1.86,2.03,1.79
SC0,22/10/2022,12:30,Hearts,Celtic,3,4,A,1,1,D,N Walsh,15,11,7,6,9,15,3,6,2,1,0,0,9.5,5.5,1.3,7.75,5.5,1.33,7.75,5.5,1.35,8.8,5.71,1.34,8.5,5,1.33,7.5,5.25,1.33,9.5,5.75,1.37,8.04,5.4,1.33,1.5,2.62,1.5,2.71,1.5,2.71,1.48,2.6,1.5,1.9,1.95,1.96,1.94,1.96,1.99,1.9,1.92,8.5,6,1.28,7.75,5.5,1.32,8.25,6,1.3,10.47,6.01,1.29,8,5.25,1.32,8,5.5,1.3,10.47,6.06,1.36,8.35,5.65,1.31,1.44,2.75,1.44,2.85,1.45,3,1.42,2.8,1.75,1.85,2,1.87,2.02,1.88,2.23,1.76,2.08
SC0,22/10/2022,15:00,Kilmarnock,Ross County,1,0,H,1,0,H,C Steven,11,10,6,4,9,9,5,7,2,2,0,0,2,3.25,4.2,2,3.3,3.6,2.05,3.35,3.65,2.04,3.36,4.13,2.05,3.2,3.8,2,3.3,3.7,2.1,3.4,4.2,2.02,3.32,3.79,2.2,1.66,2.32,1.66,2.32,1.71,2.24,1.64,-0.5,2,1.85,2.04,1.87,2.07,1.88,2.01,1.81,1.9,3.3,4.5,1.9,3.25,4.2,1.95,3.3,4.2,1.95,3.33,4.61,1.88,3.3,4.2,1.91,3.3,4,1.97,3.4,4.61,1.93,3.28,4.22,2.3,1.61,2.37,1.63,2.4,1.68,2.29,1.6,-0.5,1.93,1.93,1.95,1.95,1.97,1.96,1.94,1.89
SC0,22/10/2022,15:00,Motherwell,Aberdeen,1,2,A,0,1,A,E Anderson,12,7,4,3,14,8,4,0,3,2,0,0,2.75,3.25,2.62,2.75,3.25,2.45,2.8,3.25,2.55,2.89,3.39,2.58,2.7,3.25,2.55,2.7,3.3,2.5,2.95,3.47,2.62,2.77,3.29,2.53,2,1.8,2.07,1.83,2.1,1.83,2.03,1.77,0,2.02,1.83,2.07,1.85,2.07,1.89,2,1.83,2.55,3.25,2.8,2.5,3.2,2.75,2.55,3.25,2.8,2.63,3.26,2.94,2.62,3.1,2.7,2.45,3.3,2.75,2.75,3.43,2.94,2.54,3.23,2.8,2.1,1.72,2.13,1.78,2.13,1.83,2.05,1.75,0,1.8,2.05,1.85,2.07,1.87,2.07,1.83,2
SC0,22/10/2022,15:00,Rangers,Livingston,1,1,D,0,1,A,D Munro,24,5,3,1,9,12,14,1,2,2,0,1,1.16,8,15,1.19,6.75,13.5,1.2,6.75,15,1.2,7.15,15.59,1.18,6.5,15,1.17,6.5,15,1.21,8,17,1.18,6.78,14.88,1.57,2.37,1.58,2.47,1.58,2.48,1.55,2.39,-2,2,1.85,2.04,1.85,2.06,1.92,1.98,1.84,1.22,7,11,1.23,6.25,11.5,1.25,6.25,12,1.23,6.51,13.68,1.22,5.8,12,1.22,6,11.5,1.25,7,15,1.22,6.17,12.4,1.61,2.3,1.61,2.35,1.63,2.38,1.59,2.3,-1.75,1.93,1.93,1.97,1.92,1.97,2.02,1.9,1.91
SC0,22/10/2022,15:00,St Mirren,Dundee United,2,1,H,1,0,H,G Irvine,15,10,2,3,19,5,6,6,1,1,0,0,2.05,3.2,3.8,2,3.3,3.7,2.1,3.3,3.6,2.14,3.41,3.73,2.1,3.2,3.6,2.05,3.3,3.5,2.14,3.42,3.9,2.08,3.32,3.59,2.2,1.66,2.2,1.73,2.3,1.73,2.18,1.66,-0.5,2.05,1.75,2.13,1.79,2.13,1.84,2.07,1.77,2.05,3.3,3.75,2,3.3,3.6,2.05,3.35,3.7,2.06,3.43,3.98,2.1,3.2,3.6,2,3.3,3.75,2.11,3.47,3.98,2.04,3.33,3.72,2.2,1.66,2.19,1.74,2.25,1.74,2.15,1.68,-0.5,2,1.85,2.06,1.85,2.1,1.89,2.03,1.81
SC0,29/10/2022,15:00,Dundee United,Motherwell,0,1,A,0,1,A,J Beaton,10,9,3,2,13,14,10,5,0,1,1,0,2.62,3.2,2.8,2.6,3.25,2.65,2.65,3.2,2.75,2.72,3.29,2.81,2.62,3.2,2.62,2.6,3.2,2.63,2.72,3.39,2.85,2.62,3.21,2.7,2.1,1.72,2.15,1.76,2.2,1.76,2.12,1.69,0,1.88,1.98,1.93,1.98,1.93,2.01,1.88,1.95,3,3.2,2.5,2.9,3.1,2.45,2.95,3.15,2.5,3.03,3.26,2.56,2.9,3.1,2.5,2.88,3.2,2.45,3.03,3.39,2.65,2.92,3.17,2.49,2.1,1.72,2.2,1.72,2.25,1.74,2.14,1.69,0,2.1,1.77,2.13,1.8,2.17,1.83,2.07,1.77
SC0,29/10/2022,15:00,Hibernian,St Mirren,3,0,H,1,0,H,D Robertson,16,11,4,3,12,16,6,6,2,3,0,0,1.72,3.6,5,1.75,3.5,4.6,1.8,3.55,4.6,1.79,3.7,4.95,1.75,3.5,4.75,1.73,3.6,4.6,1.8,3.75,5,1.76,3.58,4.59,2.1,1.72,2.12,1.78,2.16,1.8,2.06,1.74,-0.75,1.98,1.88,2.03,1.88,2.03,1.91,2,1.83,1.8,3.6,4.5,1.8,3.5,4.2,1.83,3.6,4.3,1.86,3.63,4.59,1.83,3.5,4.2,1.83,3.5,4.1,1.88,3.75,4.65,1.83,3.57,4.26,2.05,1.8,2.06,1.84,2.09,1.84,2.01,1.78,-0.5,1.85,2,1.86,2.05,1.88,2.07,1.84,1.98
SC0,29/10/2022,15:00,Rangers,Aberdeen,4,1,H,2,1,H,N Walsh,36,5,13,1,9,12,13,4,0,3,0,0,1.36,5.5,7,1.34,5.25,8,1.35,5.25,7.75,1.36,5.44,8.67,1.35,4.75,8.5,1.33,5,8,1.38,5.7,10,1.35,5.07,8.12,1.61,2.3,1.68,2.29,1.68,2.38,1.6,2.28,-1.5,2.05,1.8,2.09,1.83,2.09,1.87,2.02,1.82,1.36,5.5,7,1.36,5,7.5,1.37,5.25,7.5,1.38,5.42,8.13,1.33,5,8.5,1.33,5,7.5,1.39,5.7,8.6,1.35,5.18,7.67,1.61,2.3,1.65,2.35,1.65,2.5,1.56,2.36,-1.5,2.02,1.83,2.11,1.8,2.11,1.88,2.01,1.81
SC0,29/10/2022,15:00,St Johnstone,Kilmarnock,1,0,H,1,0,H,C Napier,8,7,2,2,15,10,3,6,5,1,0,0,2.45,3,3.2,2.5,2.95,2.95,2.5,3,3.1,2.51,3.04,3.33,2.45,3,3,2.45,3.1,2.9,2.55,3.2,3.2,2.45,3.04,3.05,2.5,1.53,2.55,1.56,2.52,1.56,2.44,1.53,-0.25,2.1,1.77,2.11,1.81,2.14,1.82,2.08,1.76,2.4,2.9,3.4,2.35,2.9,3.3,2.4,2.95,3.35,2.46,2.99,3.49,2.35,3,3.2,2.3,3,3.2,2.46,3.2,3.5,2.37,2.97,3.31,2.62,1.5,2.71,1.5,2.72,1.54,2.61,1.48,-0.25,2.02,1.83,2.06,1.85,2.07,1.88,2,1.82
SC0,30/10/2022,12:00,Livingston,Celtic,0,3,A,0,1,A,W Collum,4,16,2,6,15,15,0,4,2,3,0,0,11,6,1.25,9.25,5.5,1.29,11,5.75,1.3,11.64,5.96,1.28,12,5.25,1.25,10.5,5.5,1.25,12,6.5,1.3,10.49,5.64,1.27,1.61,2.3,1.61,2.39,1.65,2.39,1.6,2.3,1.5,2,1.85,2.1,1.79,2.1,1.88,2.02,1.81,11,6.5,1.25,11,6,1.24,12,6.25,1.25,14.24,6.26,1.26,15,5.5,1.22,11,6,1.22,15,6.59,1.27,12.09,6.03,1.23,1.57,2.37,1.55,2.54,1.61,2.55,1.54,2.42,1.75,1.98,1.88,1.98,1.91,2.03,1.95,1.93,1.89
SC0,30/10/2022,15:00,Ross County,Hearts,1,2,A,1,2,A,D Dickinson,15,12,7,3,11,4,6,1,3,2,0,0,4,3.5,1.95,3.6,3.3,2,3.7,3.4,2.05,4.04,3.56,2,3.6,3.3,2.05,3.6,3.4,2,4.04,3.6,2.1,3.69,3.42,2,2.02,1.83,2.04,1.85,2.04,1.86,1.98,1.8,0.5,1.88,1.98,1.91,2,1.91,2.05,1.82,2.01,3.2,3.3,2.2,3.1,3.3,2.2,3.2,3.35,2.25,3.42,3.4,2.26,3.2,3.2,2.25,3.1,3.4,2.2,3.6,3.54,2.26,3.26,3.34,2.2,2,1.85,2.03,1.86,2.13,1.9,1.97,1.82,0.25,1.9,1.95,1.96,1.94,2.02,1.99,1.91,1.91
SC0,04/11/2022,19:30,Aberdeen,Hibernian,4,1,H,1,0,H,D Munro,7,17,6,6,10,7,5,4,2,2,0,0,2.62,3.3,2.62,2.65,3.2,2.6,2.65,3.3,2.65,2.78,3.28,2.75,2.6,3.25,2.62,2.6,3.3,2.6,2.81,3.45,2.85,2.66,3.27,2.64,2.1,1.72,2.1,1.8,2.12,1.82,2.05,1.75,0,1.93,1.93,1.96,1.94,1.96,1.97,1.91,1.91,2.45,3.4,2.87,2.45,3.2,2.85,2.45,3.3,2.9,2.55,3.3,3.01,2.45,3.2,2.9,2.38,3.25,2.88,2.61,3.46,3.12,2.45,3.26,2.9,2.1,1.72,2.17,1.75,2.17,1.81,2.1,1.71,-0.25,2.08,1.73,2.16,1.76,2.16,1.8,2.09,1.75
SC0,04/11/2022,19:45,Kilmarnock,Livingston,2,3,A,2,1,H,C Steven,13,10,4,4,13,12,5,4,3,3,0,0,2.7,2.9,3,2.55,3,2.8,2.65,3.05,2.85,2.69,3.09,3.01,2.55,3,2.88,2.55,3.1,2.8,2.72,3.13,3.01,2.61,3.03,2.88,2.5,1.53,2.48,1.58,2.5,1.62,2.39,1.56,0,1.83,2.02,1.85,2.07,1.85,2.08,1.81,2.01,2.4,2.87,3.4,2.4,3,3.1,2.45,3,3.15,2.47,3.06,3.38,2.5,3,3,2.4,3,3.1,2.57,3.13,3.4,2.44,2.99,3.16,2.62,1.5,2.59,1.54,2.66,1.58,2.5,1.51,-0.25,2.05,1.8,2.08,1.84,2.13,1.85,2.06,1.78
SC0,05/11/2022,15:00,Celtic,Dundee United,4,2,H,2,1,H,D Dickinson,24,6,12,3,9,9,11,2,3,2,0,0,1.1,10,23,1.1,10,23,1.09,10,23,1.1,10.99,27.99,1.08,9,26,1.07,10.5,22,1.11,11,30,1.09,9.94,23.63,1.28,3.75,1.31,3.53,1.31,3.75,1.29,3.48,-2.5,1.83,2.02,1.82,2.04,1.89,2.07,1.82,2,1.08,11,26,1.08,12.5,21,1.1,9.5,24,1.08,12.53,34.39,1.07,10,26,1.06,11,23,1.1,13,34.39,1.08,11.23,25.08,1.25,4,1.27,3.88,1.29,4.33,1.25,3.83,-2.75,1.88,1.98,1.88,1.99,1.93,2.03,1.88,1.94
SC0,05/11/2022,15:00,Ross County,St Mirren,3,2,H,1,2,A,J Beaton,10,11,4,4,9,13,7,5,2,3,0,0,3.1,3.2,2.45,2.87,3.1,2.45,3,3.15,2.45,3.11,3.34,2.46,3,3.1,2.4,2.9,3.2,2.4,3.11,3.34,2.55,3,3.18,2.42,2.2,1.66,2.23,1.71,2.29,1.71,2.2,1.65,0.25,1.77,2.1,1.82,2.11,1.82,2.17,1.77,2.06,3.4,3.1,2.3,3.25,3,2.3,3.3,3.1,2.3,3.43,3.17,2.37,3.25,3.1,2.25,3.13,3.13,2.3,3.43,3.28,2.37,3.28,3.11,2.31,2.62,1.5,2.52,1.57,2.62,1.63,2.44,1.54,0.25,1.85,2,1.89,2.01,1.89,2.05,1.85,1.97
SC0,06/11/2022,12:00,St Johnstone,Rangers,2,1,H,1,0,H,S McLean,11,29,3,7,7,13,0,20,2,0,0,0,10,5.5,1.3,10,5.25,1.29,10,5.5,1.3,11.09,5.56,1.31,11,5,1.29,10,5.25,1.29,11.09,5.56,1.32,10.1,5.33,1.29,1.72,2.1,1.76,2.14,1.76,2.2,1.7,2.11,1.5,1.93,1.93,1.96,1.94,1.97,1.96,1.93,1.89,11,5.25,1.3,9.25,5.25,1.3,8.75,5.25,1.33,10.64,5.84,1.3,11,5,1.29,9.5,5.25,1.29,11.9,5.84,1.33,9.8,5.42,1.3,1.57,2.37,1.63,2.37,1.69,2.47,1.6,2.3,1.5,1.98,1.88,2,1.91,2.11,1.94,1.95,1.87
SC0,06/11/2022,15:00,Hearts,Motherwell,3,2,H,1,0,H,K Clancy,15,18,7,5,8,15,6,11,2,3,1,0,1.95,3.6,3.8,1.9,3.6,3.7,1.95,3.6,3.7,1.95,3.76,3.98,1.95,3.4,3.75,1.9,3.6,3.7,1.96,3.76,4.15,1.93,3.62,3.72,1.8,2,1.85,2.05,1.85,2.12,1.78,2.01,-0.5,1.93,1.93,1.95,1.95,1.97,1.96,1.93,1.89,2.2,3.5,3.3,2.1,3.4,3.2,2.2,3.45,3.2,2.2,3.53,3.45,2.2,3.3,3.25,2.1,3.5,3.2,2.23,3.61,3.5,2.15,3.48,3.27,1.9,1.95,1.92,1.97,1.99,2.01,1.85,1.94,-0.25,1.88,1.98,1.9,2.01,1.92,2.03,1.86,1.96
SC0,08/11/2022,19:45,Hibernian,Ross County,0,2,A,0,1,A,A Muir,21,6,4,3,10,19,4,3,1,3,0,0,1.53,4.2,6,1.51,4.1,6.25,1.53,4.2,6.25,1.55,4.18,6.75,1.52,3.9,6.5,1.5,4.1,6,1.55,4.3,7,1.52,4.11,6.23,1.95,1.9,1.99,1.9,1.99,1.93,1.92,1.86,-1,1.93,1.93,1.95,1.95,1.97,1.99,1.91,1.91,1.4,4.5,8,1.41,4.4,7.5,1.4,4.6,7.75,1.41,4.68,9.25,1.4,4.2,8.5,1.4,4.4,8,1.44,4.7,9.25,1.4,4.49,8.03,1.95,1.9,1.97,1.92,1.99,1.94,1.91,1.87,-1.25,1.95,1.9,1.96,1.94,1.98,1.94,1.94,1.89
SC0,08/11/2022,19:45,Livingston,Aberdeen,2,1,H,2,0,H,N Walsh,8,24,3,10,11,9,7,8,4,3,0,0,2.75,3.25,2.62,2.7,3.2,2.55,2.8,3.25,2.55,2.88,3.25,2.69,2.8,3.1,2.55,2.7,3.2,2.55,2.9,3.35,2.69,2.78,3.18,2.59,2.2,1.66,2.23,1.71,2.38,1.72,2.2,1.65,0,1.98,1.88,2.02,1.88,2.02,1.91,1.97,1.84,2.45,3.3,2.87,2.5,3.2,2.75,2.5,3.35,2.8,2.54,3.3,3.03,2.55,3.1,2.8,2.45,3.25,2.8,2.7,3.4,3.03,2.5,3.26,2.84,2.1,1.72,2.16,1.75,2.24,1.78,2.11,1.7,0,1.77,2.1,1.79,2.14,1.89,2.14,1.8,2.04
SC0,09/11/2022,19:45,Dundee United,Kilmarnock,4,0,H,3,0,H,G Irvine,7,16,6,0,13,7,3,4,0,1,0,0,2.45,3.25,3,2.35,3.25,2.95,2.45,3.2,2.95,2.51,3.3,3.07,2.35,3.1,3.1,2.3,3.2,3,2.51,3.37,3.15,2.41,3.22,2.98,2.2,1.66,2.2,1.73,2.22,1.73,2.15,1.67,-0.25,2.1,1.77,2.14,1.79,2.14,1.83,2.06,1.77,2.1,3.3,3.6,2.15,3.2,3.4,2.2,3.25,3.4,2.17,3.37,3.7,2.15,3.2,3.4,2.05,3.3,3.5,2.25,3.4,3.7,2.14,3.25,3.51,2.1,1.72,2.18,1.74,2.24,1.77,2.15,1.68,-0.25,1.8,2.05,1.85,2.06,1.89,2.14,1.81,2.01
SC0,09/11/2022,19:45,Motherwell,Celtic,1,2,A,0,1,A,W Collum,7,16,2,3,7,11,5,10,2,1,0,0,11,5.75,1.28,9.5,5.75,1.28,10,6,1.27,10.39,6.03,1.3,11,5.25,1.27,10,5.5,1.25,11,6.03,1.3,9.77,5.78,1.27,1.53,2.5,1.57,2.53,1.58,2.53,1.53,2.44,1.5,2.05,1.8,2.07,1.85,2.13,1.85,2.02,1.8,9,7,1.25,9.75,6.25,1.25,10,6.5,1.25,12.26,6.84,1.24,10,6.5,1.22,11,6,1.22,12.26,7.21,1.27,10.6,6.38,1.24,1.44,2.75,1.44,2.86,1.52,2.86,1.43,2.73,1.75,2.02,1.83,2.02,1.87,2.03,1.91,1.96,1.86
SC0,09/11/2022,19:45,Rangers,Hearts,1,0,H,0,0,D,J Beaton,17,7,6,0,9,7,7,5,3,1,0,0,1.25,6.5,9.5,1.24,6,11,1.25,6.25,11,1.26,6.46,11.55,1.24,5.5,12,1.22,6,11,1.27,6.5,12,1.24,6.22,10.89,1.5,2.62,1.5,2.65,1.53,2.7,1.49,2.54,-1.75,1.88,1.98,1.9,1.98,1.95,2.01,1.88,1.93,1.2,7.5,11,1.19,7.5,11.5,1.22,7.25,11,1.2,7.56,13.63,1.18,7,13,1.17,7,13,1.23,7.96,13.63,1.19,7.21,12.07,1.33,3.4,1.36,3.25,1.38,3.4,1.35,3.12,-2,1.83,2.02,1.87,2.02,2.01,2.09,1.87,1.95
SC0,09/11/2022,19:45,St Mirren,St Johnstone,2,2,D,1,1,D,E Anderson,11,8,4,2,9,7,6,3,4,3,0,1,2,3.3,4,2,3.25,3.75,2.05,3.3,3.75,2.07,3.35,4.06,2,3.2,3.9,2,3.2,3.8,2.1,3.4,4.06,2.03,3.27,3.81,2.3,1.61,2.43,1.61,2.43,1.62,2.32,1.58,-0.5,2.02,1.83,2.07,1.85,2.07,1.88,2.01,1.8,2.1,3.25,3.75,2.1,3.1,3.5,2.2,3.2,3.55,2.2,3.19,3.85,2.15,3.1,3.5,2.1,3.2,3.5,2.25,3.35,4,2.14,3.16,3.62,2.37,1.57,2.44,1.6,2.57,1.6,2.37,1.57,-0.25,1.83,2.02,1.86,2.05,1.88,2.06,1.83,1.99
SC0,12/11/2022,12:30,St Mirren,Rangers,1,1,D,0,0,D,K Clancy,10,14,3,4,13,11,6,5,2,1,0,0,7.5,4.75,1.4,7.25,4.75,1.39,7.25,4.8,1.43,8.24,4.97,1.41,7.5,4.33,1.42,7,4.6,1.4,8.24,4.97,1.44,7.41,4.73,1.4,1.72,2.1,1.74,2.19,1.74,2.22,1.68,2.14,1.25,1.95,1.9,2.01,1.9,2.01,1.96,1.92,1.88,7.5,4.75,1.44,7.5,4.75,1.38,7,4.6,1.43,8.18,4.95,1.41,8,4.5,1.38,7.5,4.75,1.36,8.2,5,1.45,7.63,4.75,1.39,1.66,2.2,1.72,2.21,1.73,2.23,1.68,2.14,1.25,1.95,1.9,2,1.91,2.02,1.95,1.95,1.87
SC0,12/11/2022,15:00,Celtic,Ross County,2,1,H,0,0,D,D Munro,22,2,7,2,14,5,9,0,1,4,0,0,1.1,12,19,1.09,11,23,1.09,10,25,1.09,11.55,31.36,1.08,9,29,1.07,10,23,1.11,12,34,1.09,10.31,26.17,1.33,3.4,1.34,3.29,1.36,3.4,1.34,3.16,-2.5,1.85,2,1.83,2.04,1.89,2.04,1.84,1.98,1.07,15,21,1.07,12.5,26,1.1,10,20,1.07,14.57,38.56,1.05,12,26,1.06,11.5,26,1.1,15,41,1.06,12.19,29.2,1.22,4.33,1.23,4.27,1.27,4.5,1.23,3.94,-3,1.98,1.88,1.95,1.92,2.1,1.92,2,1.82
SC0,12/11/2022,15:00,Hearts,Livingston,1,1,D,0,0,D,C Napier,15,18,6,7,9,10,11,6,1,1,1,0,1.95,3.4,4,2,3.4,3.5,2,3.5,3.65,2.03,3.58,3.9,2,3.3,3.7,1.95,3.4,3.75,2.03,3.7,4,1.98,3.49,3.68,2,1.85,2.04,1.85,2.08,1.91,1.96,1.82,-0.5,1.98,1.88,2.03,1.88,2.03,1.93,1.98,1.84,1.8,3.75,4.5,1.82,3.6,4.1,1.83,3.65,4.3,1.81,3.81,4.65,1.83,3.5,4.2,1.75,3.6,4.33,1.95,3.81,4.65,1.82,3.63,4.23,2,1.85,2.03,1.87,2.13,1.88,1.98,1.81,-0.5,1.75,2.05,1.8,2.11,1.95,2.13,1.81,2
SC0,12/11/2022,15:00,Kilmarnock,Hibernian,1,0,H,0,0,D,D Dickinson,6,15,1,1,12,13,0,5,2,3,0,0,3.25,3.3,2.3,3.1,3.3,2.2,3.2,3.3,2.25,3.31,3.45,2.29,3.2,3.2,2.25,3.2,3.25,2.2,3.31,3.45,2.35,3.15,3.33,2.26,2.1,1.72,2.11,1.78,2.2,1.78,2.09,1.72,0.25,1.88,1.98,1.93,1.97,1.93,2.01,1.87,1.94,3.75,3.4,2.05,3.4,3.3,2.1,3.55,3.35,2.1,3.86,3.42,2.1,3.5,3.2,2.1,3.6,3.3,2,3.86,3.46,2.15,3.58,3.33,2.08,2.2,1.66,2.19,1.73,2.2,1.75,2.12,1.69,0.25,2.1,1.77,2.12,1.79,2.12,1.85,2.04,1.79
SC0,12/11/2022,15:00,St Johnstone,Motherwell,1,1,D,1,1,D,N Walsh,10,12,3,3,11,20,8,4,2,4,0,0,2.55,3.2,2.9,2.45,3.2,2.8,2.55,3.2,2.85,2.7,3.18,2.92,2.55,3.1,2.8,2.5,3.1,2.88,2.7,3.26,3,2.55,3.17,2.83,2.2,1.66,2.34,1.65,2.34,1.68,2.24,1.62,0,1.83,2.02,1.88,2.03,1.88,2.09,1.81,2.01,2.87,3.1,2.6,2.6,3.1,2.7,2.75,3.15,2.65,3,3.17,2.65,2.7,3,2.7,2.7,3.1,2.6,3,3.22,2.85,2.74,3.11,2.67,2.2,1.66,2.33,1.64,2.37,1.68,2.26,1.61,0,2.02,1.83,2.04,1.93,2.04,1.94,1.96,1.87
SC0,12/11/2022,18:00,Aberdeen,Dundee United,1,0,H,1,0,H,W Collum,9,6,2,2,11,12,3,3,1,0,0,0,1.72,3.6,5,1.73,3.6,4.5,1.75,3.75,4.6,1.75,3.87,4.96,1.75,3.5,4.6,1.7,3.6,4.75,1.78,3.87,5,1.74,3.7,4.63,2,1.85,1.99,1.9,2.05,1.9,1.97,1.81,-0.75,1.98,1.88,1.99,1.91,2,1.92,1.94,1.86,1.75,3.8,4.75,1.77,3.75,4.1,1.8,3.8,4.3,1.81,3.85,4.62,1.78,3.6,4.33,1.75,3.75,4.2,1.83,3.89,4.95,1.78,3.76,4.35,1.8,2,1.81,2.07,1.89,2.13,1.77,2.02,-0.75,2.02,1.83,2.06,1.85,2.07,1.87,1.99,1.83
SC0,15/12/2022,20:00,Rangers,Hibernian,3,2,H,1,2,A,N Walsh,22,8,9,5,10,10,8,4,1,3,0,0,1.3,5.25,9,1.32,5.25,8.75,1.33,5.5,8.5,1.33,5.63,9.67,1.32,5.25,8.5,1.3,5.25,9,1.33,5.63,10,1.31,5.3,8.88,1.57,2.38,1.63,2.39,1.64,2.39,1.58,2.29,-1.5,1.93,1.93,1.96,1.94,1.98,1.96,1.91,1.9,1.33,5.5,8.5,1.35,5,8,1.35,5.25,7.75,1.36,5.34,9.25,1.32,5,9,1.33,5,8,1.36,6.8,10,1.33,5.19,8.54,1.62,2.3,1.63,2.39,1.63,2.45,1.58,2.32,-1.5,2.02,1.83,2.05,1.86,2.09,1.94,1.98,1.84
SC0,17/12/2022,12:30,Aberdeen,Celtic,0,1,A,0,0,D,S McLean,2,33,0,10,8,8,0,7,1,0,0,0,7,5,1.4,6.75,5,1.4,6.75,5.25,1.4,6.96,5.36,1.43,7,4.6,1.4,6.5,4.8,1.4,7.5,5.4,1.43,6.8,5.04,1.39,1.5,2.63,1.54,2.61,1.54,2.7,1.48,2.58,1.25,2,1.85,2.02,1.88,2.05,1.91,1.98,1.84,8.5,5.75,1.3,8.75,5.75,1.29,8,5.5,1.33,9.41,6.04,1.32,9,5.25,1.3,8.5,5.5,1.29,10,6.05,1.39,8.48,5.58,1.31,1.44,2.75,1.45,2.88,1.49,3,1.43,2.73,1.5,2.02,1.83,2.06,1.86,2.09,1.95,2,1.84
SC0,17/12/2022,15:00,Hearts,Kilmarnock,3,1,H,2,0,H,W Collum,13,14,5,5,17,17,7,2,1,1,0,0,1.8,3.6,4.75,1.78,3.6,4.33,1.8,3.6,4.4,1.82,3.79,4.63,1.78,3.5,4.4,1.75,3.6,4.4,1.84,3.79,4.75,1.79,3.62,4.39,1.98,1.88,1.99,1.9,1.99,1.91,1.93,1.84,-0.75,2.05,1.8,2.08,1.84,2.12,1.85,2.03,1.79,1.62,4,5.5,1.68,3.75,4.8,1.65,3.9,5,1.66,4.08,5.47,1.67,3.7,5,1.65,3.9,4.8,1.74,4.08,5.5,1.67,3.87,4.96,1.85,2,1.86,2.03,1.91,2.05,1.83,1.95,-0.75,1.8,2.05,1.85,2.07,1.97,2.11,1.85,1.97
SC0,17/12/2022,15:00,Ross County,St Johnstone,1,2,A,1,0,H,G Grainger,3,21,1,7,9,8,0,6,1,1,1,0,2.7,3.2,2.7,2.6,3.1,2.65,2.7,3.1,2.7,2.78,3.12,2.87,2.7,3,2.7,2.63,3,2.75,2.78,3.2,2.87,2.68,3.07,2.74,2.38,1.57,2.52,1.57,2.55,1.59,2.38,1.55,0,1.9,1.95,1.93,1.98,1.95,2,1.89,1.93,2.5,3.2,3,2.45,3,3,2.45,3.1,3.1,2.54,3.11,3.21,2.45,3,3,2.4,3.1,3,2.6,3.25,3.21,2.46,3.03,3.07,2.5,1.53,2.55,1.56,2.56,1.59,2.46,1.53,-0.25,2.1,1.77,2.14,1.79,2.16,1.82,2.09,1.76
SC0,20/12/2022,20:00,Aberdeen,Rangers,2,3,A,1,1,D,W Collum,8,14,2,8,8,13,3,5,5,5,0,0,6,4.2,1.53,5.75,4.2,1.52,5.75,4.3,1.53,6.39,4.48,1.53,6,4,1.52,6,4.33,1.5,6.5,4.5,1.54,5.91,4.3,1.51,1.73,2.1,1.73,2.2,1.73,2.23,1.68,2.14,1,1.95,1.9,2.04,1.87,2.06,1.9,1.98,1.84,6,4.33,1.55,5.75,4.33,1.5,5.75,4.4,1.53,6.23,4.44,1.55,6,4.2,1.5,5.75,4.33,1.5,6.6,4.5,1.55,6.04,4.33,1.51,1.67,2.2,1.71,2.22,1.73,2.28,1.66,2.18,1,1.98,1.88,2,1.91,2.06,1.95,1.97,1.85
SC0,21/12/2022,19:45,Celtic,Livingston,2,1,H,2,1,H,E Anderson,23,3,10,2,10,8,10,1,2,3,0,0,1.11,10,21,1.11,9.25,21,1.12,9,21,1.14,9.35,20.37,1.11,8,23,1.09,9,21,1.14,10,26,1.11,8.82,20.36,1.36,3.2,1.38,3.15,1.38,3.3,1.34,3.08,-2.5,1.95,1.9,2.04,1.85,2.04,1.92,1.97,1.85,1.1,10,21,1.1,10.5,23,1.12,8.75,19,1.11,11.03,26.03,1.08,9,26,1.07,10.5,22,1.12,11.4,29,1.09,10.02,22.91,1.29,3.75,1.31,3.59,1.32,4,1.27,3.56,-2.5,1.83,2.02,1.86,2.04,1.9,2.07,1.83,2.01
SC0,23/12/2022,19:30,Ross County,Rangers,0,1,A,0,1,A,D Robertson,6,17,1,6,17,6,0,4,2,1,0,0,10,6.5,1.25,10.5,5.75,1.27,8.75,5.5,1.33,10.09,6.18,1.29,12,5.5,1.24,10,5.75,1.25,12,6.5,1.33,10.04,5.84,1.27,1.5,2.63,1.49,2.69,1.52,2.7,1.48,2.58,1.75,1.85,2,1.88,2.01,1.9,2.05,1.85,1.97,10,5.75,1.25,11,5.5,1.26,10,5.5,1.3,11.1,6.19,1.27,12,5.5,1.24,10.5,5.5,1.25,12.29,6.51,1.3,10.84,5.8,1.26,1.62,2.3,1.54,2.57,1.65,2.57,1.56,2.37,1.75,1.85,2,1.89,2,1.9,2.07,1.84,1.98
SC0,23/12/2022,19:45,Motherwell,Kilmarnock,2,2,D,1,0,H,J Beaton,15,3,4,2,15,12,13,1,2,0,0,1,1.95,3.5,3.8,1.95,3.4,3.7,2,3.45,3.7,1.99,3.54,4.1,2,3.25,3.8,1.93,3.4,3.8,2.02,3.54,4.1,1.97,3.43,3.8,2.1,1.73,2.16,1.75,2.17,1.79,2.1,1.71,-0.5,1.98,1.88,1.99,1.92,2.02,1.92,1.96,1.85,1.95,3.5,3.8,1.93,3.3,3.9,2,3.45,3.8,1.99,3.53,4.11,1.95,3.3,3.9,1.93,3.4,3.8,2.07,3.6,4.3,1.96,3.41,3.87,2.2,1.67,2.19,1.74,2.29,1.75,2.14,1.69,-0.5,1.98,1.88,1.99,1.92,2.03,1.92,1.96,1.86
SC0,24/12/2022,12:30,Celtic,St Johnstone,4,1,H,3,0,H,K Clancy,20,7,10,3,12,4,9,1,2,1,1,0,1.13,9,21,1.12,9,19.5,1.12,8.5,20,1.13,9.5,21.56,1.1,8,26,1.1,8.5,20,1.13,9.84,26,1.11,8.71,20.77,1.4,3,1.41,3.01,1.43,3.04,1.39,2.89,-2.5,2.02,1.77,2.05,1.85,2.16,1.9,2.01,1.81,1.08,12,23,1.08,11.5,26,1.1,11,18,1.09,11.37,32.17,1.07,10,26,1.07,10.5,22,1.1,13.3,32.17,1.08,10.84,24.66,1.29,3.75,1.28,3.78,1.29,4,1.26,3.67,-2.75,1.98,1.88,1.96,1.91,2.01,1.96,1.91,1.9
SC0,24/12/2022,12:30,St Mirren,Aberdeen,3,1,H,1,1,D,N Walsh,16,11,4,5,16,8,8,5,4,1,0,1,2.75,3.25,2.63,2.7,3.25,2.5,2.7,3.3,2.6,2.72,3.37,2.76,2.62,3.2,2.62,2.63,3.3,2.55,2.87,3.42,2.76,2.68,3.27,2.61,2.1,1.73,2.11,1.79,2.19,1.8,2.09,1.72,0,1.93,1.93,1.93,1.97,2,1.97,1.92,1.9,2.63,3.25,2.7,2.6,3.1,2.75,2.6,3.25,2.75,2.7,3.23,2.88,2.62,3.1,2.7,2.5,3.2,2.75,2.75,3.34,2.9,2.61,3.18,2.77,2.3,1.62,2.29,1.68,2.31,1.74,2.2,1.65,0,1.85,2,1.88,2.02,1.9,2.04,1.85,1.97
SC0,24/12/2022,14:00,Dundee United,Hearts,2,2,D,1,1,D,C Steven,11,14,6,3,15,8,6,9,4,2,0,0,3,3.5,2.3,2.9,3.5,2.25,2.95,3.5,2.3,3.09,3.55,2.37,3,3.3,2.3,2.9,3.5,2.25,3.09,3.63,2.37,2.96,3.47,2.28,1.85,2,1.85,2.04,1.91,2.04,1.82,1.96,0.25,1.83,2.02,1.87,2.05,1.87,2.09,1.83,1.98,3.1,3.6,2.15,3.1,3.5,2.1,3.1,3.6,2.2,3.4,3.7,2.16,3.2,3.4,2.15,3.2,3.5,2.1,3.41,3.72,2.2,3.2,3.55,2.14,1.73,2.1,1.78,2.12,1.82,2.13,1.76,2.03,0.25,2,1.85,2.04,1.88,2.04,1.93,1.95,1.87
SC0,24/12/2022,14:00,Hibernian,Livingston,4,0,H,3,0,H,C Napier,27,8,11,3,13,14,9,1,2,4,0,1,1.8,3.6,4.5,1.85,3.4,4.1,1.85,3.5,4.3,1.87,3.53,4.73,1.85,3.25,4.5,1.8,3.5,4.33,1.9,3.65,4.73,1.83,3.45,4.4,2.1,1.73,2.17,1.74,2.2,1.76,2.12,1.7,-0.5,1.83,2.02,1.87,2.04,1.87,2.08,1.83,1.99,1.67,4,4.8,1.7,3.7,4.6,1.7,3.85,4.7,1.7,3.9,5.08,1.7,3.5,5,1.65,3.8,4.8,1.74,4.11,5.2,1.69,3.8,4.87,1.98,1.88,1.97,1.91,1.99,1.94,1.91,1.88,-0.75,1.9,1.95,1.96,1.99,1.99,2,1.89,1.93
SC0,28/12/2022,19:45,Dundee United,Ross County,3,0,H,1,0,H,C Graham,11,8,6,0,12,10,3,2,2,0,0,1,1.95,3.5,4,1.98,3.4,3.7,1.97,3.45,3.8,1.97,3.49,4.24,2,3.25,3.9,1.93,3.4,3.8,2,3.5,4.24,1.96,3.4,3.87,2.1,1.73,2.15,1.76,2.2,1.76,2.1,1.71,-0.5,1.95,1.9,1.97,1.93,2,1.95,1.95,1.87,1.91,3.4,4.2,1.9,3.4,3.9,1.95,3.4,4,1.93,3.49,4.45,1.91,3.3,4,1.91,3.4,3.9,1.98,3.5,4.5,1.92,3.4,4.1,2.2,1.67,2.19,1.74,2.35,1.74,2.14,1.69,-0.5,1.93,1.93,1.93,1.97,1.98,1.98,1.91,1.9
SC0,28/12/2022,19:45,Kilmarnock,Aberdeen,2,1,H,2,0,H,D Robertson,17,9,4,2,12,11,2,6,2,2,0,0,3,3.5,2.3,3.1,3.25,2.25,3,3.35,2.35,3.05,3.44,2.45,3,3.2,2.35,3,3.3,2.3,3.1,3.5,2.45,3,3.33,2.33,2.1,1.73,2.12,1.78,2.16,1.8,2.06,1.74,0.25,1.8,2.05,1.82,2.1,1.88,2.1,1.81,2,3,3.6,2.25,2.95,3.3,2.3,2.95,3.45,2.35,3.33,3.44,2.29,2.9,3.3,2.35,3.1,3.4,2.2,3.33,3.69,2.39,3.03,3.39,2.3,1.98,1.88,1.97,1.91,2.02,2.03,1.93,1.86,0.25,1.9,1.95,1.93,1.97,1.95,2.04,1.85,1.98
SC0,28/12/2022,19:45,Livingston,St Mirren,1,1,D,0,0,D,S McLean,8,16,3,4,8,17,4,5,1,2,1,1,2.38,3.4,3,2.45,3.2,2.85,2.45,3.25,2.9,2.51,3.3,3.07,2.5,3.1,2.9,2.38,3.25,2.9,2.51,3.4,3.07,2.43,3.23,2.93,2.2,1.67,2.27,1.69,2.27,1.72,2.19,1.66,-0.25,2.1,1.77,2.14,1.79,2.14,1.84,2.06,1.77,2.8,3.2,2.63,2.65,3.2,2.6,2.8,3.2,2.6,2.95,3.23,2.64,2.62,3.1,2.7,2.7,3.2,2.55,2.95,3.27,2.94,2.74,3.18,2.62,2.2,1.67,2.23,1.71,2.35,1.71,2.19,1.66,0,2.02,1.83,2.07,1.85,2.07,1.98,1.97,1.85
SC0,28/12/2022,19:45,Rangers,Motherwell,3,0,H,2,0,H,D Dickinson,19,6,10,2,8,14,7,7,2,3,0,0,1.22,6.5,13,1.23,6.25,11.5,1.25,6.25,12,1.23,6.91,13.16,1.22,5.8,12,1.2,6.5,12,1.25,6.91,13.16,1.22,6.39,11.92,1.53,2.5,1.53,2.59,1.54,2.6,1.51,2.48,-1.75,1.88,1.98,1.93,1.96,1.93,2.02,1.86,1.95,1.2,8,10,1.18,7,13.5,1.2,7,13,1.17,7.98,17.62,1.17,6.5,17,1.15,7,15,1.22,8.52,19,1.18,7.22,14.37,1.44,2.75,1.5,2.65,1.52,2.8,1.47,2.61,-2,2.05,1.8,1.98,1.91,2.09,1.96,1.93,1.88
SC0,28/12/2022,19:45,St Johnstone,Hearts,2,3,A,0,2,A,W Collum,15,16,3,3,14,7,4,11,4,1,0,0,3,3.4,2.3,2.95,3.25,2.3,3.05,3.35,2.35,3.24,3.3,2.4,3.1,3.1,2.35,3,3.25,2.3,3.24,3.4,2.4,3.07,3.25,2.33,2.02,1.83,2.08,1.81,2.14,1.85,2.04,1.75,0.25,1.83,2.02,1.86,2.05,1.86,2.06,1.82,2,3.1,3.6,2.2,3.1,3.4,2.2,3,3.5,2.3,3.26,3.64,2.24,3.1,3.25,2.25,3.2,3.5,2.1,3.35,3.68,2.3,3.09,3.47,2.23,1.93,1.93,1.97,1.92,1.99,1.96,1.91,1.87,0.25,1.95,1.9,1.96,1.94,2.01,1.98,1.9,1.92
SC0,28/12/2022,20:00,Hibernian,Celtic,0,4,A,0,2,A,A Muir,6,20,1,7,9,7,5,14,0,0,0,0,7,5,1.4,7,5,1.39,7,5,1.4,7.03,5.29,1.43,7.5,4.6,1.4,7,5,1.36,7.5,5.3,1.43,6.98,4.96,1.39,1.53,2.5,1.54,2.59,1.56,2.6,1.51,2.48,1.25,2,1.85,2.03,1.88,2.04,1.89,1.98,1.84,7,6,1.33,8.25,5.75,1.31,8,5.75,1.33,9.56,6.03,1.31,9,5.5,1.29,8.5,5.5,1.29,9.56,6.21,1.35,8.57,5.72,1.3,1.44,2.75,1.46,2.83,1.48,2.88,1.44,2.73,1.5,1.93,1.93,2.01,1.89,2.1,1.95,1.97,1.85
SC0,02/01/2023,12:30,Rangers,Celtic,2,2,D,0,1,A,J Beaton,15,8,5,2,11,13,5,4,1,1,0,0,3.2,3.6,2.15,3.1,3.5,2.15,3.15,3.6,2.15,3.25,3.85,2.17,3.1,3.5,2.15,3.13,3.6,2.1,3.36,3.95,2.22,3.16,3.65,2.14,1.67,2.2,1.67,2.31,1.75,2.34,1.67,2.18,0.25,2,1.85,2.01,1.9,2.04,1.91,1.96,1.85,2.9,3.7,2.25,2.87,3.5,2.25,2.95,3.6,2.25,3.13,3.68,2.33,3,3.5,2.2,2.9,3.6,2.2,3.2,3.86,2.35,2.99,3.59,2.26,1.67,2.2,1.68,2.27,1.77,2.28,1.66,2.2,0.25,1.88,1.98,1.91,2,1.93,2.02,1.87,1.95
SC0,02/01/2023,15:00,Aberdeen,Ross County,0,0,D,0,0,D,M MacDermid,22,7,6,1,5,12,11,1,0,4,0,0,1.65,3.75,5.5,1.63,3.8,5.25,1.65,3.8,5.25,1.65,3.99,5.76,1.65,3.6,5.25,1.62,3.8,5.25,1.67,4,5.8,1.64,3.8,5.37,1.95,1.9,1.94,1.94,2.02,1.94,1.92,1.85,-0.75,1.8,2.05,1.83,2.09,1.85,2.11,1.8,2.02,1.53,4.33,5.75,1.55,4.1,5.5,1.55,4.2,5.75,1.54,4.3,6.62,1.57,3.9,5.5,1.53,4,5.75,1.62,4.44,6.8,1.55,4.1,5.87,1.83,2.02,1.84,2.06,1.9,2.08,1.81,1.98,-1,1.88,1.98,1.93,1.97,2.08,2.02,1.94,1.88
SC0,02/01/2023,15:00,Hearts,Hibernian,3,0,H,2,0,H,K Clancy,9,14,5,4,10,14,3,4,2,3,0,0,2.15,3.5,3.3,2.15,3.6,3,2.25,3.6,3.05,2.14,3.79,3.37,2.2,3.4,3.1,2.05,3.6,3.2,2.25,3.79,3.38,2.14,3.58,3.18,1.73,2.1,1.76,2.14,1.79,2.17,1.73,2.07,-0.25,1.83,2.02,1.86,2.05,1.93,2.06,1.84,1.97,2.25,3.6,3,2.2,3.6,2.95,2.3,3.6,2.9,2.29,3.57,3.21,2.25,3.4,3,2.15,3.6,3,2.3,3.75,3.27,2.24,3.55,3.02,1.67,2.2,1.7,2.24,1.72,2.34,1.66,2.19,-0.25,1.93,1.93,1.98,1.93,2,1.96,1.94,1.89
SC0,02/01/2023,15:00,Kilmarnock,St Mirren,0,0,D,0,0,D,G Irvine,12,6,3,0,8,11,6,4,2,3,0,1,2.63,3.4,2.63,2.7,3.25,2.55,2.7,3.25,2.65,2.76,3.33,2.75,2.7,3.1,2.62,2.63,3.2,2.63,2.8,3.4,2.75,2.68,3.23,2.63,2.2,1.67,2.2,1.72,2.21,1.8,2.16,1.67,0,1.93,1.93,1.95,1.95,1.97,1.98,1.92,1.9,2.63,3.25,2.7,2.7,3.1,2.6,2.65,3.2,2.7,2.8,3.14,2.84,2.62,3.1,2.7,2.63,3.2,2.63,2.8,3.34,2.95,2.68,3.14,2.71,2.3,1.62,2.35,1.65,2.36,1.69,2.27,1.62,0,1.9,1.95,1.93,1.97,1.94,2,1.91,1.92
SC0,02/01/2023,15:00,Livingston,Motherwell,1,1,D,1,1,D,D Munro,11,16,6,5,8,15,5,4,3,2,0,0,2.63,3.4,2.63,2.55,3.25,2.7,2.6,3.3,2.7,2.74,3.34,2.75,2.6,3.2,2.7,2.55,3.25,2.7,2.74,3.4,2.75,2.61,3.26,2.68,2.1,1.73,2.14,1.76,2.2,1.76,2.1,1.71,0,1.9,1.95,1.95,1.95,1.95,2.01,1.89,1.93,2.9,3.3,2.4,2.85,3.2,2.4,2.85,3.3,2.5,3,3.32,2.54,2.8,3.2,2.5,2.8,3.25,2.45,3,3.41,2.56,2.86,3.25,2.48,2.1,1.73,2.15,1.76,2.24,1.78,2.11,1.72,0,2.13,1.75,2.13,1.8,2.16,1.82,2.06,1.78
SC0,02/01/2023,15:00,St Johnstone,Dundee United,0,1,A,0,0,D,G Grainger,8,10,2,2,13,8,3,2,3,1,0,0,2.25,3.3,3.25,2.2,3.4,3.1,2.25,3.35,3.15,2.33,3.39,3.3,2.2,3.2,3.25,2.2,3.3,3.13,2.33,3.4,3.4,2.24,3.31,3.2,2.1,1.73,2.16,1.75,2.16,1.79,2.08,1.72,-0.25,1.95,1.9,2,1.91,2,1.95,1.93,1.89,2.4,3.2,3,2.37,3.2,2.95,2.4,3.25,3,2.52,3.28,3.07,2.3,3.2,3.1,2.3,3.25,3,2.52,3.34,3.29,2.36,3.24,3.05,2.3,1.62,2.31,1.67,2.31,1.74,2.22,1.64,-0.25,2.13,1.75,2.15,1.79,2.2,1.87,2.04,1.8
